id_siniestro,id_poliza,fecha_siniestro,monto_siniestro,estado,motivo_rechazo
2,2465,,7076.25,Abierto,fecha_invalida
4,14299,,274.63,Abierto,fecha_invalida
5,12908,,9377.69,Rechazado,fecha_invalida
6,5107,,10535.74,No especificado,fecha_invalida
7,3379,,10513.3,Abierto,fecha_invalida
9,18118,,,Cerrado,"fecha_invalida,monto_invalido"
10,19947,,8801.03,Cerrado,fecha_invalida
11,6448,,1619.38,Abierto,fecha_invalida
12,4096,,,Rechazado,"fecha_invalida,monto_invalido"
14,8260,,,No especificado,"fecha_invalida,monto_invalido"
15,19142,,14533.77,Abierto,fecha_invalida
16,16312,,,Abierto,"fecha_invalida,monto_invalido"
17,2112,,11995.56,Cerrado,fecha_invalida
18,4445,,,No especificado,"fecha_invalida,monto_invalido"
19,5547,,5714.06,Cerrado,fecha_invalida
20,21508,,8867.02,No especificado,fecha_invalida
21,8637,,4335.01,Abierto,fecha_invalida
22,6924,,10436.86,Cerrado,fecha_invalida
23,5261,,6636.22,Abierto,fecha_invalida
25,719,,3257.92,No especificado,fecha_invalida
26,7930,,1326.94,Abierto,fecha_invalida
28,3123,,,Cerrado,"fecha_invalida,monto_invalido"
29,18397,,1485.06,Abierto,fecha_invalida
30,20396,,,No especificado,"fecha_invalida,monto_invalido"
31,14500,,,Cerrado,"fecha_invalida,monto_invalido"
32,20349,,-6166.3,No especificado,fecha_invalida
34,14393,,,Cerrado,"fecha_invalida,monto_invalido"
35,15273,,13959.68,Cerrado,fecha_invalida
37,504,,1143.51,Rechazado,fecha_invalida
38,1202,,2154.09,Cerrado,fecha_invalida
39,551,,,Abierto,"fecha_invalida,monto_invalido"
40,8220,,1081.73,Cerrado,fecha_invalida
41,4657,,9268.6,No especificado,fecha_invalida
42,3586,,11247.07,No especificado,fecha_invalida
43,11680,,10535.93,Cerrado,fecha_invalida
44,17906,,8580.31,Abierto,fecha_invalida
46,2860,,,Rechazado,"fecha_invalida,monto_invalido"
47,6904,,7795.35,Abierto,fecha_invalida
48,503,,3740.29,Rechazado,fecha_invalida
49,12852,,4828.13,No especificado,fecha_invalida
50,25778,,11437.5,No especificado,fecha_invalida
51,1344,,14278.06,No especificado,fecha_invalida
52,22187,,4886.0,Cerrado,fecha_invalida
53,11106,,2182.44,Cerrado,fecha_invalida
54,14544,,2132.56,Cerrado,fecha_invalida
55,19232,,5517.33,No especificado,fecha_invalida
56,14610,,,Abierto,"fecha_invalida,monto_invalido"
57,11757,,3215.08,Cerrado,fecha_invalida
58,9803,,,No especificado,"fecha_invalida,monto_invalido"
59,4806,,2856.71,Cerrado,fecha_invalida
60,15711,,2916.65,Cerrado,fecha_invalida
61,16070,,,No especificado,"fecha_invalida,monto_invalido"
62,14407,,8013.21,Cerrado,fecha_invalida
63,22281,,,No especificado,"fecha_invalida,monto_invalido"
64,10093,,11004.28,Cerrado,fecha_invalida
65,19562,,14057.33,Cerrado,fecha_invalida
68,4916,,5792.24,No especificado,fecha_invalida
69,14892,,14508.66,No especificado,fecha_invalida
70,18587,,5912.93,Cerrado,fecha_invalida
71,19836,,5377.67,No especificado,fecha_invalida
72,23320,,7245.79,No especificado,fecha_invalida
73,14099,,11459.27,Abierto,fecha_invalida
74,3314,,14502.38,Cerrado,fecha_invalida
75,9867,,1888.27,Abierto,fecha_invalida
76,18282,,,No especificado,"fecha_invalida,monto_invalido"
77,8700,,9948.91,Abierto,fecha_invalida
78,4535,,8534.49,Cerrado,fecha_invalida
79,7460,,11711.43,Cerrado,fecha_invalida
80,23359,,,No especificado,"fecha_invalida,monto_invalido"
81,10359,,,Cerrado,"fecha_invalida,monto_invalido"
83,16988,,14090.71,No especificado,fecha_invalida
84,2227,,10158.82,Abierto,fecha_invalida
85,7153,,5079.34,No especificado,fecha_invalida
86,25554,,,No especificado,"fecha_invalida,monto_invalido"
87,23591,,1777.81,Abierto,fecha_invalida
88,14027,,10253.14,Abierto,fecha_invalida
89,12761,,14870.71,Abierto,fecha_invalida
90,21277,,6602.43,Rechazado,fecha_invalida
91,80,,12229.82,Abierto,fecha_invalida
92,13736,,,No especificado,"fecha_invalida,monto_invalido"
94,15160,,3322.55,No especificado,fecha_invalida
96,17713,,7797.66,Abierto,fecha_invalida
97,13086,,,Rechazado,"fecha_invalida,monto_invalido"
98,19925,,1228.19,No especificado,fecha_invalida
100,24052,,2342.67,No especificado,fecha_invalida
102,8858,,5155.2,Cerrado,fecha_invalida
103,19170,,10183.94,No especificado,fecha_invalida
104,1153,,2580.4,No especificado,fecha_invalida
106,2501,,511.1,Abierto,fecha_invalida
107,17613,,11560.34,No especificado,fecha_invalida
108,1500,,,Abierto,"fecha_invalida,monto_invalido"
109,9413,,4356.6,Cerrado,fecha_invalida
110,16745,,8484.21,Abierto,fecha_invalida
111,2641,,11886.43,Cerrado,fecha_invalida
112,6548,,13134.7,Cerrado,fecha_invalida
113,8649,,10126.28,Abierto,fecha_invalida
115,24834,,12189.58,Abierto,fecha_invalida
116,8222,,,Abierto,"fecha_invalida,monto_invalido"
117,12941,2025-12-12,,Abierto,monto_invalido
118,21719,,,Abierto,"fecha_invalida,monto_invalido"
119,1874,,5171.14,No especificado,fecha_invalida
120,21805,,12403.48,Abierto,fecha_invalida
121,3645,,13084.42,Rechazado,fecha_invalida
122,16832,,7489.48,No especificado,fecha_invalida
123,8567,,5749.7,Rechazado,fecha_invalida
124,4535,,9389.56,No especificado,fecha_invalida
125,17509,,1154.08,Cerrado,fecha_invalida
126,13007,,13629.62,Rechazado,fecha_invalida
127,424,,1595.62,Cerrado,fecha_invalida
128,24167,,,No especificado,"fecha_invalida,monto_invalido"
129,8836,,1652.79,Abierto,fecha_invalida
130,14357,,,Rechazado,"fecha_invalida,monto_invalido"
131,21837,,13932.1,No especificado,fecha_invalida
132,1290,,9918.51,No especificado,fecha_invalida
133,5720,,,Abierto,"fecha_invalida,monto_invalido"
134,7223,,,Abierto,"fecha_invalida,monto_invalido"
135,24992,,302.32,Abierto,fecha_invalida
136,9670,,6040.15,Cerrado,fecha_invalida
137,23959,,13295.74,Cerrado,fecha_invalida
138,22384,,9051.84,Abierto,fecha_invalida
139,21305,,12134.64,Rechazado,fecha_invalida
140,21427,,12522.96,Abierto,fecha_invalida
141,25512,,8366.08,Abierto,fecha_invalida
142,14587,,,Abierto,"fecha_invalida,monto_invalido"
143,2790,2025-10-13,,Rechazado,monto_invalido
144,7956,,8822.7,Abierto,fecha_invalida
145,5744,,3902.65,Abierto,fecha_invalida
147,3192,,9549.21,Cerrado,fecha_invalida
148,9556,,,Cerrado,"fecha_invalida,monto_invalido"
149,9146,,2981.78,Abierto,fecha_invalida
151,2464,,3627.56,Cerrado,fecha_invalida
153,7402,,,Abierto,"fecha_invalida,monto_invalido"
154,11333,,,No especificado,"fecha_invalida,monto_invalido"
155,17654,,13419.79,No especificado,fecha_invalida
157,22187,,4984.64,Cerrado,fecha_invalida
158,8637,,12772.25,Rechazado,fecha_invalida
161,12821,,1663.96,No especificado,fecha_invalida
162,17558,,2904.94,Abierto,fecha_invalida
163,3344,,,Cerrado,"fecha_invalida,monto_invalido"
164,3953,,14622.5,Cerrado,fecha_invalida
165,3478,,5989.33,Cerrado,fecha_invalida
166,3400,,11123.38,No especificado,fecha_invalida
167,19661,,5398.38,Cerrado,fecha_invalida
168,6501,,3552.32,Cerrado,fecha_invalida
169,23178,,4944.75,Cerrado,fecha_invalida
170,14794,,,Abierto,"fecha_invalida,monto_invalido"
171,6401,,13258.53,Rechazado,fecha_invalida
172,10449,,3349.56,Abierto,fecha_invalida
174,25761,,9433.77,Rechazado,fecha_invalida
176,14992,,7840.46,Abierto,fecha_invalida
177,15938,,13797.55,No especificado,fecha_invalida
178,22497,,12188.69,Cerrado,fecha_invalida
179,12699,,1452.35,No especificado,fecha_invalida
180,13273,,14255.51,No especificado,fecha_invalida
181,3779,,2915.04,Abierto,fecha_invalida
182,6051,,4083.6,Abierto,fecha_invalida
183,15820,,,Rechazado,"fecha_invalida,monto_invalido"
185,23960,,2485.0,Cerrado,fecha_invalida
186,14257,2026-01-14,,Abierto,monto_invalido
187,17116,,8263.06,Rechazado,fecha_invalida
188,9285,,3554.71,No especificado,fecha_invalida
189,11691,,,Abierto,"fecha_invalida,monto_invalido"
190,15565,,,Abierto,"fecha_invalida,monto_invalido"
193,19056,2025-12-02,,Abierto,monto_invalido
194,13685,,8942.15,Abierto,fecha_invalida
195,3021,,1043.99,Rechazado,fecha_invalida
196,4434,,1158.74,Cerrado,fecha_invalida
197,5812,,12806.56,No especificado,fecha_invalida
198,3833,,9016.27,Rechazado,fecha_invalida
199,15158,,,Abierto,"fecha_invalida,monto_invalido"
201,10253,,,No especificado,"fecha_invalida,monto_invalido"
202,6793,2025-08-30,,Cerrado,monto_invalido
203,21133,,4564.31,Rechazado,fecha_invalida
204,11440,,,Rechazado,"fecha_invalida,monto_invalido"
205,15065,,14726.41,Cerrado,fecha_invalida
207,10666,,10303.63,Abierto,fecha_invalida
208,5006,,4504.93,Cerrado,fecha_invalida
209,16837,,11810.11,No especificado,fecha_invalida
210,14034,,12036.08,Cerrado,fecha_invalida
212,14352,,8847.32,No especificado,fecha_invalida
214,16890,,2780.04,Abierto,fecha_invalida
216,8726,,4346.45,No especificado,fecha_invalida
217,14431,,2510.93,Abierto,fecha_invalida
219,25727,,,Cerrado,"fecha_invalida,monto_invalido"
220,2535,,5001.06,Abierto,fecha_invalida
221,2986,,9139.78,Cerrado,fecha_invalida
222,13632,,14814.18,Cerrado,fecha_invalida
223,2629,,3642.77,No especificado,fecha_invalida
224,19260,,5466.39,Abierto,fecha_invalida
225,19366,,851.04,No especificado,fecha_invalida
226,12950,,2683.64,Cerrado,fecha_invalida
228,9398,,,Abierto,"fecha_invalida,monto_invalido"
229,16087,,5957.36,Cerrado,fecha_invalida
230,19159,,1517.87,Cerrado,fecha_invalida
231,16670,,12582.5,Rechazado,fecha_invalida
232,3014,,9726.96,Cerrado,fecha_invalida
233,11033,,9170.56,Abierto,fecha_invalida
234,16501,,,No especificado,"fecha_invalida,monto_invalido"
235,23798,,10657.43,Abierto,fecha_invalida
236,22678,2025-11-11,,Abierto,monto_invalido
237,24184,,13713.94,No especificado,fecha_invalida
238,19973,,,Rechazado,"fecha_invalida,monto_invalido"
239,22979,,,Cerrado,"fecha_invalida,monto_invalido"
240,15810,,,Rechazado,"fecha_invalida,monto_invalido"
242,10437,,14596.52,Rechazado,fecha_invalida
243,9965,,4275.37,No especificado,fecha_invalida
244,3256,,,Abierto,"fecha_invalida,monto_invalido"
245,5447,,14464.74,Abierto,fecha_invalida
246,11329,,11681.88,Abierto,fecha_invalida
247,23410,,8598.25,No especificado,fecha_invalida
248,11871,,804.82,Cerrado,fecha_invalida
249,18003,,14986.14,No especificado,fecha_invalida
250,2158,,,Abierto,"fecha_invalida,monto_invalido"
251,21022,2025-07-18,,Rechazado,monto_invalido
252,2267,,12762.64,Abierto,fecha_invalida
253,1765,,10785.64,Abierto,fecha_invalida
254,22116,,5059.14,Cerrado,fecha_invalida
256,1939,,7149.72,No especificado,fecha_invalida
257,15563,,7905.89,Cerrado,fecha_invalida
258,7251,,359.56,Abierto,fecha_invalida
259,19809,,10058.57,Cerrado,fecha_invalida
260,17781,,14206.04,No especificado,fecha_invalida
261,9851,,1092.58,Rechazado,fecha_invalida
262,17232,,,Abierto,"fecha_invalida,monto_invalido"
263,6744,,8228.53,Abierto,fecha_invalida
264,13686,,,Abierto,"fecha_invalida,monto_invalido"
265,217,,3763.55,Abierto,fecha_invalida
266,18359,,11326.78,Rechazado,fecha_invalida
267,13995,,6273.55,No especificado,fecha_invalida
268,18702,,5803.93,Abierto,fecha_invalida
269,20302,,12935.03,No especificado,fecha_invalida
270,21104,,8284.25,Abierto,fecha_invalida
271,16423,,12531.38,No especificado,fecha_invalida
272,11306,,6748.93,Abierto,fecha_invalida
273,14467,,2855.89,Abierto,fecha_invalida
274,22521,,6246.09,No especificado,fecha_invalida
275,19524,,10334.68,Abierto,fecha_invalida
276,24025,,12873.15,Cerrado,fecha_invalida
277,4835,,10216.4,No especificado,fecha_invalida
278,12350,,2215.15,No especificado,fecha_invalida
279,8178,,10418.51,Rechazado,fecha_invalida
280,3145,,2935.1,No especificado,fecha_invalida
282,11387,,5370.01,Cerrado,fecha_invalida
283,17276,,8841.01,No especificado,fecha_invalida
284,4685,,11406.08,Abierto,fecha_invalida
285,17418,,5091.35,Abierto,fecha_invalida
286,14149,,7311.29,Abierto,fecha_invalida
287,17519,,2869.86,Rechazado,fecha_invalida
288,19817,,2321.09,Abierto,fecha_invalida
289,2525,,6583.18,Cerrado,fecha_invalida
290,23857,,3302.24,Cerrado,fecha_invalida
291,367,,9606.53,No especificado,fecha_invalida
293,10362,,8077.52,No especificado,fecha_invalida
294,21932,,9926.07,Abierto,fecha_invalida
295,11353,,566.0,Abierto,fecha_invalida
296,2362,2026-01-11,,Rechazado,monto_invalido
297,7821,,3566.43,Cerrado,fecha_invalida
298,6809,,1486.47,No especificado,fecha_invalida
300,13999,,331.95,Abierto,fecha_invalida
301,19710,,1424.02,Cerrado,fecha_invalida
302,22748,,5352.07,No especificado,fecha_invalida
303,1719,,,Abierto,"fecha_invalida,monto_invalido"
304,2036,,8381.86,Cerrado,fecha_invalida
305,13740,,,Abierto,"fecha_invalida,monto_invalido"
306,11979,,3782.57,No especificado,fecha_invalida
307,9896,,9098.49,No especificado,fecha_invalida
309,22223,,11939.28,Cerrado,fecha_invalida
310,18660,,7735.22,No especificado,fecha_invalida
313,12886,,,Abierto,"fecha_invalida,monto_invalido"
314,6169,2025-08-08,,Cerrado,monto_invalido
316,19243,,2098.28,No especificado,fecha_invalida
318,18504,,14001.5,Cerrado,fecha_invalida
319,4709,,,Cerrado,"fecha_invalida,monto_invalido"
320,17508,,8640.45,Abierto,fecha_invalida
321,15003,,4359.69,Abierto,fecha_invalida
322,19178,,10770.63,Abierto,fecha_invalida
323,17082,,11204.61,No especificado,fecha_invalida
327,8526,,13905.74,Rechazado,fecha_invalida
328,19746,,6693.43,Abierto,fecha_invalida
329,23344,,10541.76,Abierto,fecha_invalida
330,13177,2025-03-09,,No especificado,monto_invalido
331,16704,,,No especificado,"fecha_invalida,monto_invalido"
333,21160,,6116.37,Abierto,fecha_invalida
334,12046,,2537.12,Abierto,fecha_invalida
335,12406,,319.52,Cerrado,fecha_invalida
336,23055,2025-12-29,,No especificado,monto_invalido
337,15288,,4485.08,No especificado,fecha_invalida
338,13062,,,No especificado,"fecha_invalida,monto_invalido"
339,8768,,2863.49,Abierto,fecha_invalida
340,4853,,8016.06,Abierto,fecha_invalida
341,21940,,11851.07,No especificado,fecha_invalida
342,5070,,6723.23,No especificado,fecha_invalida
343,25543,,4564.3,Cerrado,fecha_invalida
344,9611,,2147.03,Cerrado,fecha_invalida
345,5702,,10398.23,Abierto,fecha_invalida
346,16953,,14629.39,Cerrado,fecha_invalida
347,18616,,,Cerrado,"fecha_invalida,monto_invalido"
348,3786,,3564.35,No especificado,fecha_invalida
349,18539,,-4684.76,Cerrado,fecha_invalida
351,4779,,,Cerrado,"fecha_invalida,monto_invalido"
353,21230,2025-10-14,,Abierto,monto_invalido
354,23874,,12544.63,Rechazado,fecha_invalida
355,23407,2025-08-09,,Cerrado,monto_invalido
357,3742,,,No especificado,"fecha_invalida,monto_invalido"
359,12112,,2073.55,Abierto,fecha_invalida
360,24056,,7083.76,Rechazado,fecha_invalida
361,16268,,13927.17,Abierto,fecha_invalida
362,18426,,,Abierto,"fecha_invalida,monto_invalido"
363,21311,,9959.61,Abierto,fecha_invalida
365,18228,,13973.16,Cerrado,fecha_invalida
368,14823,,1629.44,Abierto,fecha_invalida
369,15818,,434.28,Abierto,fecha_invalida
370,20114,,5559.03,Abierto,fecha_invalida
372,941,,10846.29,Abierto,fecha_invalida
373,16241,,2754.6,Cerrado,fecha_invalida
374,24381,,,Abierto,"fecha_invalida,monto_invalido"
375,3784,,6278.59,Cerrado,fecha_invalida
377,19938,,-3081.44,Abierto,fecha_invalida
378,4586,,2051.08,Abierto,fecha_invalida
379,19394,,4337.43,Cerrado,fecha_invalida
380,19177,2025-11-20,,No especificado,monto_invalido
381,18189,,,Cerrado,"fecha_invalida,monto_invalido"
382,13149,,5788.34,No especificado,fecha_invalida
383,3726,,,Cerrado,"fecha_invalida,monto_invalido"
385,3696,,2099.51,No especificado,fecha_invalida
386,20394,2026-01-19,,No especificado,monto_invalido
388,8625,,4076.28,No especificado,fecha_invalida
389,21668,,11042.25,Abierto,fecha_invalida
390,840,,10747.46,Abierto,fecha_invalida
391,24690,,5736.62,No especificado,fecha_invalida
392,20920,,1035.65,Cerrado,fecha_invalida
393,19824,,,No especificado,"fecha_invalida,monto_invalido"
396,986,,8896.66,Abierto,fecha_invalida
397,22624,,6819.88,Cerrado,fecha_invalida
398,10478,,7566.63,Abierto,fecha_invalida
399,1386,,1160.69,Abierto,fecha_invalida
401,12559,,,Rechazado,"fecha_invalida,monto_invalido"
403,9469,,3664.72,Cerrado,fecha_invalida
404,4048,,,No especificado,"fecha_invalida,monto_invalido"
405,17081,,13445.95,Abierto,fecha_invalida
406,13593,,1225.41,Cerrado,fecha_invalida
407,15499,,,Abierto,"fecha_invalida,monto_invalido"
408,15018,,13987.17,No especificado,fecha_invalida
409,4598,,14385.55,Abierto,fecha_invalida
410,20008,,908.44,No especificado,fecha_invalida
411,15930,,,Abierto,"fecha_invalida,monto_invalido"
413,15474,,11665.1,Cerrado,fecha_invalida
415,10705,,4372.08,No especificado,fecha_invalida
416,1066,,2268.69,Rechazado,fecha_invalida
417,24940,,11978.74,Abierto,fecha_invalida
418,19027,,,Abierto,"fecha_invalida,monto_invalido"
420,15208,,14567.87,Rechazado,fecha_invalida
421,5615,,9744.9,No especificado,fecha_invalida
422,9973,,5901.69,Abierto,fecha_invalida
423,11261,,,Abierto,"fecha_invalida,monto_invalido"
424,11599,,2656.34,Cerrado,fecha_invalida
425,6477,,11168.31,Abierto,fecha_invalida
426,24821,,9786.35,Cerrado,fecha_invalida
427,19205,,8961.5,No especificado,fecha_invalida
428,20511,,1741.82,No especificado,fecha_invalida
430,9420,,14797.54,Rechazado,fecha_invalida
431,16556,,,Cerrado,"fecha_invalida,monto_invalido"
432,3991,,12934.03,Cerrado,fecha_invalida
433,13660,,4257.18,Rechazado,fecha_invalida
434,9923,,10300.58,Cerrado,fecha_invalida
435,15659,,,No especificado,"fecha_invalida,monto_invalido"
436,4058,,13142.69,No especificado,fecha_invalida
437,23431,,9923.03,Rechazado,fecha_invalida
438,20439,,,Cerrado,"fecha_invalida,monto_invalido"
439,23475,,,No especificado,"fecha_invalida,monto_invalido"
440,16397,,8359.38,Rechazado,fecha_invalida
441,22684,,10554.36,Rechazado,fecha_invalida
442,25876,,147.22,Rechazado,fecha_invalida
444,23715,,2748.13,No especificado,fecha_invalida
445,7801,2025-01-27,,Rechazado,monto_invalido
446,849,,966.15,No especificado,fecha_invalida
448,13756,,8492.99,Cerrado,fecha_invalida
449,10005,,9876.19,Abierto,fecha_invalida
450,18661,,2919.02,Rechazado,fecha_invalida
451,3111,,12498.73,Cerrado,fecha_invalida
454,18671,,14655.73,No especificado,fecha_invalida
455,11674,2025-05-22,,Cerrado,monto_invalido
456,6812,,10457.09,No especificado,fecha_invalida
457,4234,2025-10-22,,Rechazado,monto_invalido
458,22894,,13379.41,No especificado,fecha_invalida
459,19084,,11662.9,No especificado,fecha_invalida
460,9557,,11367.71,No especificado,fecha_invalida
461,9517,,,No especificado,"fecha_invalida,monto_invalido"
462,1370,,2238.16,Rechazado,fecha_invalida
463,1315,,9403.53,Cerrado,fecha_invalida
464,7665,,6095.66,Abierto,fecha_invalida
465,4729,,13763.87,Cerrado,fecha_invalida
466,19556,,929.56,Cerrado,fecha_invalida
467,12477,,12448.85,Cerrado,fecha_invalida
468,7145,,9748.24,Rechazado,fecha_invalida
470,7885,,9856.68,Cerrado,fecha_invalida
472,4686,,7740.48,Abierto,fecha_invalida
474,12213,,,No especificado,"fecha_invalida,monto_invalido"
475,13039,,,No especificado,"fecha_invalida,monto_invalido"
476,4147,,,Rechazado,"fecha_invalida,monto_invalido"
477,23464,,4561.33,Rechazado,fecha_invalida
478,15010,,11687.78,Abierto,fecha_invalida
479,4770,,,Cerrado,"fecha_invalida,monto_invalido"
480,23674,,192.04,No especificado,fecha_invalida
481,5991,,,Rechazado,"fecha_invalida,monto_invalido"
483,1067,,5411.94,No especificado,fecha_invalida
484,10177,,9795.3,Rechazado,fecha_invalida
485,23236,,9341.17,No especificado,fecha_invalida
486,16519,,4527.06,Cerrado,fecha_invalida
488,7922,2025-08-05,,Abierto,monto_invalido
489,6169,,10359.49,Cerrado,fecha_invalida
490,9596,,-6745.26,No especificado,fecha_invalida
491,10798,,11866.01,Cerrado,fecha_invalida
495,3898,,12255.39,No especificado,fecha_invalida
496,9321,,597.85,Abierto,fecha_invalida
497,17866,,5018.42,No especificado,fecha_invalida
498,16934,,6665.81,No especificado,fecha_invalida
500,24173,,6633.52,Rechazado,fecha_invalida
501,1935,,9456.55,Abierto,fecha_invalida
503,13990,,4634.32,Cerrado,fecha_invalida
504,12911,,12735.57,Abierto,fecha_invalida
505,9535,,13921.33,Rechazado,fecha_invalida
506,23610,,,No especificado,"fecha_invalida,monto_invalido"
507,14126,,7410.93,No especificado,fecha_invalida
508,11505,,4336.27,No especificado,fecha_invalida
509,9632,,11512.22,No especificado,fecha_invalida
510,24704,,,Abierto,"fecha_invalida,monto_invalido"
511,9290,,2170.06,No especificado,fecha_invalida
512,25808,,1956.2,Abierto,fecha_invalida
513,19811,,,Abierto,"fecha_invalida,monto_invalido"
514,749,,,Abierto,"fecha_invalida,monto_invalido"
515,7931,,7142.51,Abierto,fecha_invalida
517,19123,,,Rechazado,"fecha_invalida,monto_invalido"
518,5192,,,Cerrado,"fecha_invalida,monto_invalido"
519,2775,,11906.59,Abierto,fecha_invalida
520,17065,,8464.37,Abierto,fecha_invalida
521,2027,,2008.92,Abierto,fecha_invalida
522,8459,,5956.22,Abierto,fecha_invalida
524,3266,,,Abierto,"fecha_invalida,monto_invalido"
525,9683,,4540.67,Cerrado,fecha_invalida
526,6685,,965.71,Cerrado,fecha_invalida
527,17205,,12224.81,Cerrado,fecha_invalida
528,21844,,1897.7,No especificado,fecha_invalida
529,1551,,12584.02,Cerrado,fecha_invalida
531,16681,,,Cerrado,"fecha_invalida,monto_invalido"
532,13554,,10457.23,Rechazado,fecha_invalida
533,1400,,778.9,Abierto,fecha_invalida
534,13893,,2203.47,Abierto,fecha_invalida
535,17558,,775.73,Cerrado,fecha_invalida
536,1687,,8216.35,Abierto,fecha_invalida
537,10763,,6960.69,Cerrado,fecha_invalida
539,15629,,629.03,Abierto,fecha_invalida
540,24874,,6239.3,Rechazado,fecha_invalida
541,17082,,12640.91,No especificado,fecha_invalida
543,22193,,,No especificado,"fecha_invalida,monto_invalido"
544,13123,,8419.73,Abierto,fecha_invalida
545,14630,,965.14,Cerrado,fecha_invalida
546,2269,,6320.76,Cerrado,fecha_invalida
547,18971,,13821.43,Abierto,fecha_invalida
548,320,,6636.52,No especificado,fecha_invalida
549,10771,,-9024.61,Abierto,fecha_invalida
550,25667,,3598.0,Abierto,fecha_invalida
551,21438,,5836.89,Abierto,fecha_invalida
552,2165,,11024.33,Cerrado,fecha_invalida
553,21888,,3112.17,Cerrado,fecha_invalida
554,25784,2025-05-10,,Cerrado,monto_invalido
556,6947,,,Abierto,"fecha_invalida,monto_invalido"
557,6868,,5325.91,Cerrado,fecha_invalida
558,21780,,10753.61,Cerrado,fecha_invalida
559,24920,,,No especificado,"fecha_invalida,monto_invalido"
560,3151,,-1744.2,Abierto,fecha_invalida
561,8177,,3376.64,Cerrado,fecha_invalida
562,15715,,4479.51,Cerrado,fecha_invalida
564,21307,,11816.47,Rechazado,fecha_invalida
565,19612,,,Rechazado,"fecha_invalida,monto_invalido"
566,7229,,8102.59,Rechazado,fecha_invalida
567,21236,,542.33,No especificado,fecha_invalida
568,7634,,,No especificado,"fecha_invalida,monto_invalido"
570,25508,,9919.76,Cerrado,fecha_invalida
571,354,,11624.3,Rechazado,fecha_invalida
573,5994,,8064.22,Cerrado,fecha_invalida
574,21648,2025-06-23,,Cerrado,monto_invalido
575,17032,,6006.23,Cerrado,fecha_invalida
576,20005,,3660.61,Abierto,fecha_invalida
577,9416,,7281.78,Abierto,fecha_invalida
580,21031,,14726.12,Abierto,fecha_invalida
581,17730,,6180.21,No especificado,fecha_invalida
583,15892,,9323.33,Rechazado,fecha_invalida
584,7265,,,No especificado,"fecha_invalida,monto_invalido"
585,2185,,14347.09,Cerrado,fecha_invalida
586,5064,,3427.67,Cerrado,fecha_invalida
587,22918,,2427.43,No especificado,fecha_invalida
588,9780,,12340.44,Abierto,fecha_invalida
589,23761,,1722.65,Cerrado,fecha_invalida
590,1390,,5100.16,Cerrado,fecha_invalida
591,24753,,9243.95,Abierto,fecha_invalida
592,11961,,8976.92,No especificado,fecha_invalida
593,25605,,6324.53,No especificado,fecha_invalida
594,24598,,2947.86,Rechazado,fecha_invalida
595,16802,,,Cerrado,"fecha_invalida,monto_invalido"
596,20730,,-13047.91,Abierto,fecha_invalida
597,22326,,11586.97,No especificado,fecha_invalida
598,15220,,263.87,Rechazado,fecha_invalida
599,20491,,567.78,Cerrado,fecha_invalida
600,25582,,13159.89,No especificado,fecha_invalida
601,12091,2025-03-02,,Abierto,monto_invalido
603,17985,,14180.71,Abierto,fecha_invalida
604,1034,,7672.14,No especificado,fecha_invalida
605,24391,,,Cerrado,"fecha_invalida,monto_invalido"
607,7941,,2490.28,No especificado,fecha_invalida
608,24323,,5670.57,Abierto,fecha_invalida
609,13678,,5395.55,Abierto,fecha_invalida
610,22850,,11563.14,Abierto,fecha_invalida
611,17162,,,Abierto,"fecha_invalida,monto_invalido"
612,3316,,,No especificado,"fecha_invalida,monto_invalido"
613,22432,,11453.7,Abierto,fecha_invalida
615,11298,,9282.91,Rechazado,fecha_invalida
616,6056,,5153.3,Abierto,fecha_invalida
617,17670,2025-02-03,,Rechazado,monto_invalido
618,1023,,,Rechazado,"fecha_invalida,monto_invalido"
619,3397,,10501.36,Abierto,fecha_invalida
621,2841,,5695.4,No especificado,fecha_invalida
622,1623,,8782.83,No especificado,fecha_invalida
623,10760,,14910.95,No especificado,fecha_invalida
624,11022,,13436.62,Cerrado,fecha_invalida
625,24203,2025-06-21,,Rechazado,monto_invalido
626,22538,,4677.56,Abierto,fecha_invalida
627,471,,6150.14,Rechazado,fecha_invalida
628,23681,,,No especificado,"fecha_invalida,monto_invalido"
629,9818,2025-11-08,,Abierto,monto_invalido
631,3214,,14084.12,Rechazado,fecha_invalida
633,5243,,1215.3,Rechazado,fecha_invalida
634,18267,,6524.1,No especificado,fecha_invalida
635,13335,,2689.49,Cerrado,fecha_invalida
636,22410,2025-02-21,,No especificado,monto_invalido
637,22494,,8852.96,Abierto,fecha_invalida
638,19539,,10177.49,Abierto,fecha_invalida
639,10248,,1516.11,No especificado,fecha_invalida
640,13475,,12933.19,Abierto,fecha_invalida
641,21496,,8941.22,Abierto,fecha_invalida
643,4604,,13596.15,Cerrado,fecha_invalida
644,21088,,5253.85,No especificado,fecha_invalida
645,11915,,8814.08,Cerrado,fecha_invalida
646,4770,,5803.73,Abierto,fecha_invalida
647,22110,,,Cerrado,"fecha_invalida,monto_invalido"
648,4252,,7226.64,Abierto,fecha_invalida
649,12061,,8161.32,Abierto,fecha_invalida
650,24671,,6124.17,Rechazado,fecha_invalida
651,16433,,10165.98,No especificado,fecha_invalida
652,8973,,,Abierto,"fecha_invalida,monto_invalido"
653,8325,,3436.47,No especificado,fecha_invalida
657,23993,,12774.15,Cerrado,fecha_invalida
658,9973,,7195.36,Rechazado,fecha_invalida
659,8391,,8128.14,Cerrado,fecha_invalida
660,24254,,4004.38,Cerrado,fecha_invalida
661,6981,,,No especificado,"fecha_invalida,monto_invalido"
662,15605,2025-12-16,,Abierto,monto_invalido
663,15104,,13252.17,No especificado,fecha_invalida
664,5731,,5577.51,No especificado,fecha_invalida
665,21165,,9060.55,Cerrado,fecha_invalida
666,10515,,1415.47,No especificado,fecha_invalida
667,22850,,14333.09,Rechazado,fecha_invalida
668,12401,2025-04-01,,Rechazado,monto_invalido
669,17465,,1905.81,Abierto,fecha_invalida
671,9678,,3157.22,No especificado,fecha_invalida
672,18183,,14404.32,No especificado,fecha_invalida
673,12793,,7026.08,Cerrado,fecha_invalida
674,9099,,5490.56,Abierto,fecha_invalida
675,4118,,11468.98,No especificado,fecha_invalida
676,25652,,4329.18,No especificado,fecha_invalida
677,19888,,8543.66,Abierto,fecha_invalida
678,24681,,1097.13,Rechazado,fecha_invalida
681,6234,2025-10-15,,No especificado,monto_invalido
682,23566,,13620.41,Rechazado,fecha_invalida
683,23539,,10505.35,Cerrado,fecha_invalida
684,13740,,13370.29,Cerrado,fecha_invalida
685,8447,,5431.73,Cerrado,fecha_invalida
686,20908,,7236.55,No especificado,fecha_invalida
687,15875,,,Rechazado,"fecha_invalida,monto_invalido"
688,9946,,10893.34,No especificado,fecha_invalida
689,10280,,10161.02,Cerrado,fecha_invalida
690,679,,14161.93,Abierto,fecha_invalida
691,12163,,,Abierto,"fecha_invalida,monto_invalido"
693,239,,2587.5,Cerrado,fecha_invalida
694,16051,,2151.57,Rechazado,fecha_invalida
696,7945,,7898.62,No especificado,fecha_invalida
697,8619,,11461.41,Abierto,fecha_invalida
698,18567,,,Cerrado,"fecha_invalida,monto_invalido"
699,24920,,2235.03,Rechazado,fecha_invalida
701,10012,,5662.35,No especificado,fecha_invalida
702,2873,,5179.61,Cerrado,fecha_invalida
704,13263,2025-11-17,,Cerrado,monto_invalido
706,2757,,13278.87,Cerrado,fecha_invalida
707,24991,,7549.29,Abierto,fecha_invalida
708,25560,,,Rechazado,"fecha_invalida,monto_invalido"
709,16266,,,Cerrado,"fecha_invalida,monto_invalido"
710,24697,,10893.55,No especificado,fecha_invalida
711,24433,,,Cerrado,"fecha_invalida,monto_invalido"
712,24680,,13399.7,Cerrado,fecha_invalida
715,23754,,10141.18,Abierto,fecha_invalida
717,17888,2025-06-29,,No especificado,monto_invalido
718,7795,,12169.4,Abierto,fecha_invalida
720,24674,,1668.36,Abierto,fecha_invalida
721,21605,,10947.61,Cerrado,fecha_invalida
722,17682,,10999.55,Abierto,fecha_invalida
723,24857,,508.97,Cerrado,fecha_invalida
724,23742,,8822.98,Cerrado,fecha_invalida
725,9321,,7244.32,No especificado,fecha_invalida
726,20483,,,Rechazado,"fecha_invalida,monto_invalido"
727,25607,,9084.17,Abierto,fecha_invalida
728,19693,,2934.75,No especificado,fecha_invalida
729,4497,,336.98,Abierto,fecha_invalida
730,16114,,,Abierto,"fecha_invalida,monto_invalido"
732,20771,,3214.48,Abierto,fecha_invalida
734,906,,3328.44,No especificado,fecha_invalida
735,10034,,325.07,No especificado,fecha_invalida
737,8626,,8378.93,Cerrado,fecha_invalida
738,21149,,12608.36,No especificado,fecha_invalida
739,25838,,6691.62,Cerrado,fecha_invalida
740,10643,,,Cerrado,"fecha_invalida,monto_invalido"
741,22401,,5135.94,No especificado,fecha_invalida
742,6027,,8073.42,No especificado,fecha_invalida
743,17172,,3761.89,No especificado,fecha_invalida
744,8360,,2020.77,Abierto,fecha_invalida
745,22996,,1381.36,Cerrado,fecha_invalida
746,10464,2025-02-09,,Cerrado,monto_invalido
748,20797,,5210.91,Abierto,fecha_invalida
749,14183,,8218.95,Cerrado,fecha_invalida
750,7697,,5380.56,Abierto,fecha_invalida
751,19485,,11169.95,No especificado,fecha_invalida
753,1456,,3016.99,Cerrado,fecha_invalida
754,6917,,14564.02,No especificado,fecha_invalida
755,11416,,4159.67,Abierto,fecha_invalida
756,14767,,,No especificado,"fecha_invalida,monto_invalido"
757,19194,,2954.35,Cerrado,fecha_invalida
758,20407,,,Rechazado,"fecha_invalida,monto_invalido"
760,20684,,,No especificado,"fecha_invalida,monto_invalido"
762,18894,,11117.21,No especificado,fecha_invalida
763,21471,,7154.89,No especificado,fecha_invalida
765,23282,,1172.2,No especificado,fecha_invalida
766,11542,,,No especificado,"fecha_invalida,monto_invalido"
767,6334,,12486.42,Abierto,fecha_invalida
768,17775,,6684.29,Cerrado,fecha_invalida
769,14602,,3895.18,Abierto,fecha_invalida
770,13566,,9355.26,Abierto,fecha_invalida
771,25633,,,Cerrado,"fecha_invalida,monto_invalido"
772,12625,,11637.18,Cerrado,fecha_invalida
773,20762,,7728.89,No especificado,fecha_invalida
774,12939,,11202.95,Cerrado,fecha_invalida
775,13123,,3021.45,Rechazado,fecha_invalida
776,21701,,14772.14,Rechazado,fecha_invalida
777,25653,,13048.69,No especificado,fecha_invalida
778,466,,14257.82,No especificado,fecha_invalida
779,6799,,,Abierto,"fecha_invalida,monto_invalido"
780,11745,,9907.16,Abierto,fecha_invalida
781,3134,,11122.43,Cerrado,fecha_invalida
782,6674,,4364.59,Abierto,fecha_invalida
783,16516,,7253.18,No especificado,fecha_invalida
784,8863,,,Cerrado,"fecha_invalida,monto_invalido"
785,13180,,8136.02,No especificado,fecha_invalida
786,19362,,,No especificado,"fecha_invalida,monto_invalido"
788,19721,,,Cerrado,"fecha_invalida,monto_invalido"
789,24449,,12583.0,Cerrado,fecha_invalida
790,9179,,,No especificado,"fecha_invalida,monto_invalido"
792,19152,,8222.52,No especificado,fecha_invalida
793,9967,,6943.75,No especificado,fecha_invalida
796,16905,,13179.02,Abierto,fecha_invalida
797,17041,,11728.06,Cerrado,fecha_invalida
799,11920,,8440.96,Abierto,fecha_invalida
800,1975,,8292.32,Abierto,fecha_invalida
802,6531,,14323.7,Cerrado,fecha_invalida
803,13409,,13826.32,Abierto,fecha_invalida
804,5193,,767.61,Abierto,fecha_invalida
806,23617,,10174.82,No especificado,fecha_invalida
808,8362,,14553.74,No especificado,fecha_invalida
809,3561,,4364.29,Abierto,fecha_invalida
810,11163,,6044.37,Abierto,fecha_invalida
811,22989,,14492.11,Cerrado,fecha_invalida
812,7450,,7610.44,Abierto,fecha_invalida
813,1969,,5858.6,Abierto,fecha_invalida
814,6170,2026-01-07,,No especificado,monto_invalido
815,9848,,1187.79,Abierto,fecha_invalida
817,5151,,,Cerrado,"fecha_invalida,monto_invalido"
818,14589,,11864.54,Abierto,fecha_invalida
819,5330,,9561.37,Rechazado,fecha_invalida
820,24370,,4963.22,Cerrado,fecha_invalida
821,17238,,,Abierto,"fecha_invalida,monto_invalido"
823,5148,,14340.42,Abierto,fecha_invalida
824,18973,,9516.18,Cerrado,fecha_invalida
825,22006,,5117.41,No especificado,fecha_invalida
826,12367,,9969.24,Cerrado,fecha_invalida
827,24558,,3709.87,Cerrado,fecha_invalida
828,2640,,8600.05,No especificado,fecha_invalida
830,11751,,,Abierto,"fecha_invalida,monto_invalido"
833,6103,,13411.06,Abierto,fecha_invalida
834,4637,2026-02-16,,Abierto,monto_invalido
835,16319,,9169.42,No especificado,fecha_invalida
836,23099,,688.22,Abierto,fecha_invalida
837,1687,,1640.78,Cerrado,fecha_invalida
838,1618,,,Abierto,"fecha_invalida,monto_invalido"
839,5627,2025-05-13,,Abierto,monto_invalido
840,12030,,,Rechazado,"fecha_invalida,monto_invalido"
841,4360,,12737.06,Abierto,fecha_invalida
842,19198,,10786.07,Abierto,fecha_invalida
843,6564,,13205.44,No especificado,fecha_invalida
844,5928,,5490.32,Cerrado,fecha_invalida
845,13175,,4442.61,Rechazado,fecha_invalida
846,16436,,5636.39,Rechazado,fecha_invalida
847,20614,,11042.11,No especificado,fecha_invalida
848,25755,,,Cerrado,"fecha_invalida,monto_invalido"
849,12309,,6366.94,Abierto,fecha_invalida
850,9751,,9186.57,Rechazado,fecha_invalida
851,17927,,501.54,Abierto,fecha_invalida
852,12066,,2254.6,Cerrado,fecha_invalida
853,19756,,9050.18,Cerrado,fecha_invalida
855,2289,,1159.96,Rechazado,fecha_invalida
856,25525,,10915.67,Abierto,fecha_invalida
857,1484,,1471.64,Cerrado,fecha_invalida
858,2946,,12490.65,Rechazado,fecha_invalida
859,22653,,7300.88,Cerrado,fecha_invalida
860,15538,,14296.85,Abierto,fecha_invalida
861,12983,,,Rechazado,"fecha_invalida,monto_invalido"
862,18675,,10467.37,No especificado,fecha_invalida
863,6005,,13650.52,Cerrado,fecha_invalida
864,20430,,13342.56,Cerrado,fecha_invalida
865,21386,,,No especificado,"fecha_invalida,monto_invalido"
866,18456,,13514.54,Cerrado,fecha_invalida
867,3500,,9701.84,Abierto,fecha_invalida
868,6666,,853.04,No especificado,fecha_invalida
869,12599,,,Abierto,"fecha_invalida,monto_invalido"
870,15653,,8242.35,Rechazado,fecha_invalida
871,20090,,,Rechazado,"fecha_invalida,monto_invalido"
872,16566,,4539.83,Abierto,fecha_invalida
873,15212,,8365.73,Abierto,fecha_invalida
874,18047,,10000.73,Rechazado,fecha_invalida
875,18074,,13160.02,Cerrado,fecha_invalida
877,7112,,9381.6,No especificado,fecha_invalida
878,10168,,8935.21,Cerrado,fecha_invalida
879,15051,,10473.53,No especificado,fecha_invalida
880,11799,,,Cerrado,"fecha_invalida,monto_invalido"
882,15099,,6468.18,Rechazado,fecha_invalida
884,2828,,,Cerrado,"fecha_invalida,monto_invalido"
885,12659,,9224.07,No especificado,fecha_invalida
886,9085,,,No especificado,"fecha_invalida,monto_invalido"
887,15902,,4924.89,Cerrado,fecha_invalida
889,3295,,3508.23,Abierto,fecha_invalida
890,12963,,4734.11,Rechazado,fecha_invalida
891,5149,,8959.0,No especificado,fecha_invalida
892,477,,,No especificado,"fecha_invalida,monto_invalido"
893,15751,,4979.42,No especificado,fecha_invalida
894,20520,,5313.13,No especificado,fecha_invalida
896,19486,,,Rechazado,"fecha_invalida,monto_invalido"
897,15786,,7020.23,Cerrado,fecha_invalida
898,9095,,12669.98,No especificado,fecha_invalida
899,13030,,348.08,Cerrado,fecha_invalida
900,17242,,4820.85,Rechazado,fecha_invalida
903,24211,,1906.88,Cerrado,fecha_invalida
904,20112,,-14404.26,Abierto,fecha_invalida
905,19964,,862.86,Cerrado,fecha_invalida
906,11499,,10802.07,Rechazado,fecha_invalida
907,10899,,,Abierto,"fecha_invalida,monto_invalido"
908,22889,,,Abierto,"fecha_invalida,monto_invalido"
909,23985,,10199.91,Rechazado,fecha_invalida
910,15374,,,Abierto,"fecha_invalida,monto_invalido"
911,7753,,,No especificado,"fecha_invalida,monto_invalido"
912,7100,,,Rechazado,"fecha_invalida,monto_invalido"
913,24281,,559.31,Rechazado,fecha_invalida
914,3674,,822.39,Abierto,fecha_invalida
915,22534,,,Abierto,"fecha_invalida,monto_invalido"
918,7889,,9589.21,Rechazado,fecha_invalida
919,1612,,3709.68,Abierto,fecha_invalida
920,13269,,8357.84,No especificado,fecha_invalida
921,635,,8664.03,Rechazado,fecha_invalida
922,21030,,9249.04,Abierto,fecha_invalida
923,15771,,4528.7,Cerrado,fecha_invalida
925,13202,,9733.32,Abierto,fecha_invalida
926,12960,,,Cerrado,"fecha_invalida,monto_invalido"
927,9497,,8756.13,No especificado,fecha_invalida
929,7077,,,No especificado,"fecha_invalida,monto_invalido"
931,10395,,9407.13,No especificado,fecha_invalida
932,18329,,12118.68,Cerrado,fecha_invalida
934,8280,,,Rechazado,"fecha_invalida,monto_invalido"
935,9187,,9943.93,Rechazado,fecha_invalida
936,20440,,9412.71,Rechazado,fecha_invalida
937,17087,,11588.54,Rechazado,fecha_invalida
938,21310,,1907.58,No especificado,fecha_invalida
941,8357,,6459.51,Abierto,fecha_invalida
942,20787,,3926.48,No especificado,fecha_invalida
943,21096,,,Cerrado,"fecha_invalida,monto_invalido"
944,16392,2025-11-02,,Cerrado,monto_invalido
945,3389,,3574.17,Abierto,fecha_invalida
946,6105,,7893.41,Abierto,fecha_invalida
947,25720,,,Cerrado,"fecha_invalida,monto_invalido"
950,12819,,,No especificado,"fecha_invalida,monto_invalido"
951,23831,2026-01-17,,Rechazado,monto_invalido
952,9363,,,Abierto,"fecha_invalida,monto_invalido"
953,13907,,11543.65,Cerrado,fecha_invalida
954,5140,,8041.41,Rechazado,fecha_invalida
955,20635,,3080.23,Rechazado,fecha_invalida
956,2405,2025-05-20,,Rechazado,monto_invalido
957,24483,,11523.16,Abierto,fecha_invalida
958,7503,,11063.01,No especificado,fecha_invalida
959,23727,2026-01-02,,Abierto,monto_invalido
960,1448,,10946.39,No especificado,fecha_invalida
961,7305,,,No especificado,"fecha_invalida,monto_invalido"
962,6145,,,Abierto,"fecha_invalida,monto_invalido"
963,23266,,,Cerrado,"fecha_invalida,monto_invalido"
964,17969,,,Cerrado,"fecha_invalida,monto_invalido"
965,1471,,11318.24,Cerrado,fecha_invalida
966,18796,,3648.68,Cerrado,fecha_invalida
968,5183,,7366.53,Abierto,fecha_invalida
969,16047,2025-04-21,,No especificado,monto_invalido
970,15665,,10080.9,Abierto,fecha_invalida
971,3878,,13000.22,Cerrado,fecha_invalida
972,8783,,11852.24,Abierto,fecha_invalida
973,826,,8506.95,No especificado,fecha_invalida
974,9936,,,No especificado,"fecha_invalida,monto_invalido"
976,13491,,14763.99,No especificado,fecha_invalida
977,24253,,2092.45,Abierto,fecha_invalida
979,21383,,,Abierto,"fecha_invalida,monto_invalido"
980,12364,,,Abierto,"fecha_invalida,monto_invalido"
981,7969,,6736.39,Abierto,fecha_invalida
982,2212,,9426.16,Abierto,fecha_invalida
983,6254,,1576.27,Cerrado,fecha_invalida
984,23321,,6275.77,No especificado,fecha_invalida
985,13966,,,Abierto,"fecha_invalida,monto_invalido"
986,11266,,10351.13,No especificado,fecha_invalida
987,285,,2407.18,Cerrado,fecha_invalida
988,13768,,13570.71,Abierto,fecha_invalida
989,8745,,6809.15,Rechazado,fecha_invalida
991,22158,,7637.27,No especificado,fecha_invalida
992,2475,,,Abierto,"fecha_invalida,monto_invalido"
993,2043,,8645.4,Cerrado,fecha_invalida
994,14120,,,Abierto,"fecha_invalida,monto_invalido"
995,25741,,12613.58,Cerrado,fecha_invalida
996,21960,,860.32,Abierto,fecha_invalida
997,24838,2025-11-15,,Abierto,monto_invalido
998,24397,,8487.11,Cerrado,fecha_invalida
999,25689,,,Abierto,"fecha_invalida,monto_invalido"
1000,18897,,354.26,No especificado,fecha_invalida
1001,3875,,4027.89,No especificado,fecha_invalida
1002,17643,,,Cerrado,"fecha_invalida,monto_invalido"
1003,22903,,14621.41,Abierto,fecha_invalida
1004,25647,,10855.63,Cerrado,fecha_invalida
1005,1804,,11494.27,No especificado,fecha_invalida
1007,5235,,3436.21,Rechazado,fecha_invalida
1008,23461,,,No especificado,"fecha_invalida,monto_invalido"
1009,595,,12266.0,Cerrado,fecha_invalida
1010,766,,1055.61,Cerrado,fecha_invalida
1011,21442,,13421.57,Cerrado,fecha_invalida
1012,4651,,8060.87,Cerrado,fecha_invalida
1013,20157,,,Cerrado,"fecha_invalida,monto_invalido"
1014,1892,,,Abierto,"fecha_invalida,monto_invalido"
1015,3822,,4198.73,No especificado,fecha_invalida
1016,16618,,2878.66,Rechazado,fecha_invalida
1017,25716,,,Cerrado,"fecha_invalida,monto_invalido"
1018,21542,,8348.28,Rechazado,fecha_invalida
1019,17243,,7585.45,No especificado,fecha_invalida
1020,20476,,9638.23,No especificado,fecha_invalida
1021,6409,,,Abierto,"fecha_invalida,monto_invalido"
1022,22714,,2551.17,Cerrado,fecha_invalida
1023,24296,,2166.64,Rechazado,fecha_invalida
1025,4210,,9442.08,Abierto,fecha_invalida
1026,12458,,,Cerrado,"fecha_invalida,monto_invalido"
1027,15572,,12459.2,Cerrado,fecha_invalida
1028,3752,,,Abierto,"fecha_invalida,monto_invalido"
1031,15756,,3056.54,No especificado,fecha_invalida
1032,3331,,13707.48,Abierto,fecha_invalida
1033,4230,,11481.62,No especificado,fecha_invalida
1035,12033,,,Cerrado,"fecha_invalida,monto_invalido"
1036,17772,,10598.48,Rechazado,fecha_invalida
1037,23259,,10301.15,Rechazado,fecha_invalida
1038,8757,,581.68,Abierto,fecha_invalida
1039,25599,,,Cerrado,"fecha_invalida,monto_invalido"
1041,10322,,5303.75,Cerrado,fecha_invalida
1042,8757,,2918.19,Abierto,fecha_invalida
1043,4254,,11298.38,Cerrado,fecha_invalida
1044,22668,,930.74,No especificado,fecha_invalida
1045,10458,,5355.52,No especificado,fecha_invalida
1046,6717,,,Abierto,"fecha_invalida,monto_invalido"
1047,15632,,4927.0,Abierto,fecha_invalida
1050,18759,,14754.13,Abierto,fecha_invalida
1051,8317,,10460.32,Rechazado,fecha_invalida
1052,10082,,933.54,Cerrado,fecha_invalida
1053,8739,,13256.69,Abierto,fecha_invalida
1054,178,,8796.59,Abierto,fecha_invalida
1055,20636,,8440.05,No especificado,fecha_invalida
1056,3455,,4182.88,Rechazado,fecha_invalida
1057,12563,,8110.11,Abierto,fecha_invalida
1059,14253,2025-08-26,,Rechazado,monto_invalido
1060,19021,,6011.35,No especificado,fecha_invalida
1061,25739,,10090.98,Abierto,fecha_invalida
1062,9345,,,No especificado,"fecha_invalida,monto_invalido"
1063,10311,,506.85,No especificado,fecha_invalida
1064,20345,,,Cerrado,"fecha_invalida,monto_invalido"
1065,21567,,10277.84,Abierto,fecha_invalida
1066,13573,,,Rechazado,"fecha_invalida,monto_invalido"
1067,3241,,2155.91,Rechazado,fecha_invalida
1068,22744,,6905.13,Abierto,fecha_invalida
1070,14008,,13456.22,No especificado,fecha_invalida
1071,6778,,5828.56,Abierto,fecha_invalida
1074,15640,,1922.21,Cerrado,fecha_invalida
1076,18032,,7758.51,No especificado,fecha_invalida
1077,6270,,1997.62,Abierto,fecha_invalida
1078,13241,,7515.7,No especificado,fecha_invalida
1079,11635,,14296.79,Abierto,fecha_invalida
1081,7513,,,Abierto,"fecha_invalida,monto_invalido"
1082,5493,,14666.07,No especificado,fecha_invalida
1084,2742,,4897.88,Rechazado,fecha_invalida
1085,10737,,5919.75,Abierto,fecha_invalida
1086,20808,,,Cerrado,"fecha_invalida,monto_invalido"
1087,10117,,4498.53,Cerrado,fecha_invalida
1088,22336,,6990.68,Cerrado,fecha_invalida
1089,22409,,11798.06,Cerrado,fecha_invalida
1091,5775,,2220.73,No especificado,fecha_invalida
1092,17119,,,Abierto,"fecha_invalida,monto_invalido"
1093,14884,,4005.29,Rechazado,fecha_invalida
1094,3560,,,No especificado,"fecha_invalida,monto_invalido"
1096,6981,,,No especificado,"fecha_invalida,monto_invalido"
1098,19355,,7889.33,Abierto,fecha_invalida
1102,25677,,6992.09,Abierto,fecha_invalida
1103,15069,,12721.61,Abierto,fecha_invalida
1105,18411,,,No especificado,"fecha_invalida,monto_invalido"
1106,11451,,5959.99,No especificado,fecha_invalida
1108,7405,,3579.1,Rechazado,fecha_invalida
1109,21960,,234.11,Abierto,fecha_invalida
1110,7307,,6284.09,Abierto,fecha_invalida
1111,14354,,,No especificado,"fecha_invalida,monto_invalido"
1112,16501,,5502.88,Cerrado,fecha_invalida
1113,24868,,6794.36,No especificado,fecha_invalida
1114,17658,2025-06-09,,No especificado,monto_invalido
1115,2855,,4674.38,Cerrado,fecha_invalida
1116,15493,,9778.99,Cerrado,fecha_invalida
1117,21480,,,Cerrado,"fecha_invalida,monto_invalido"
1118,23771,,8827.3,No especificado,fecha_invalida
1119,24714,,11083.46,Rechazado,fecha_invalida
1120,13861,,11213.71,No especificado,fecha_invalida
1121,20858,,795.7,Cerrado,fecha_invalida
1122,12929,,3493.27,Abierto,fecha_invalida
1123,6641,,1082.95,Abierto,fecha_invalida
1124,3461,,10686.06,No especificado,fecha_invalida
1125,25600,,13156.95,Cerrado,fecha_invalida
1126,3841,2025-05-28,,Cerrado,monto_invalido
1127,10355,2025-02-15,,Rechazado,monto_invalido
1128,14020,,4521.74,Rechazado,fecha_invalida
1129,9207,,1999.09,No especificado,fecha_invalida
1130,688,,1651.92,Cerrado,fecha_invalida
1131,19776,,749.79,Abierto,fecha_invalida
1132,23813,,13473.39,No especificado,fecha_invalida
1133,16811,,,No especificado,"fecha_invalida,monto_invalido"
1134,5072,,,Cerrado,"fecha_invalida,monto_invalido"
1135,15345,,2176.94,Cerrado,fecha_invalida
1136,11801,,5310.68,No especificado,fecha_invalida
1139,6215,,13514.51,Abierto,fecha_invalida
1140,23028,,6684.61,Cerrado,fecha_invalida
1141,7917,,4405.51,Cerrado,fecha_invalida
1142,14020,,3255.1,Cerrado,fecha_invalida
1144,17946,,12781.95,Abierto,fecha_invalida
1145,2981,,1217.23,Abierto,fecha_invalida
1146,15338,,1484.94,No especificado,fecha_invalida
1147,20793,,3113.62,Rechazado,fecha_invalida
1149,19340,,14517.55,Cerrado,fecha_invalida
1150,23730,,,No especificado,"fecha_invalida,monto_invalido"
1151,3324,,6532.67,Abierto,fecha_invalida
1152,7979,,11733.04,Rechazado,fecha_invalida
1154,11248,,8440.6,Cerrado,fecha_invalida
1155,1189,,4509.87,Abierto,fecha_invalida
1156,15020,2025-09-24,,Cerrado,monto_invalido
1157,11302,,,Abierto,"fecha_invalida,monto_invalido"
1158,4891,,2632.99,Rechazado,fecha_invalida
1159,6964,,14016.53,Abierto,fecha_invalida
1161,21907,,530.88,Cerrado,fecha_invalida
1162,12743,,9761.68,No especificado,fecha_invalida
1163,10671,,9755.75,No especificado,fecha_invalida
1164,23556,,3978.56,Abierto,fecha_invalida
1165,9198,,,Cerrado,"fecha_invalida,monto_invalido"
1166,24114,,3471.47,Rechazado,fecha_invalida
1167,286,,8397.54,Cerrado,fecha_invalida
1168,19075,,,Abierto,"fecha_invalida,monto_invalido"
1169,11760,,3075.23,Cerrado,fecha_invalida
1170,12816,,8627.81,Abierto,fecha_invalida
1171,6309,,7539.72,Cerrado,fecha_invalida
1172,10330,,,Rechazado,"fecha_invalida,monto_invalido"
1173,24937,,10267.29,Cerrado,fecha_invalida
1174,13,,,No especificado,"fecha_invalida,monto_invalido"
1175,14609,,2394.64,Abierto,fecha_invalida
1176,4604,,768.24,No especificado,fecha_invalida
1177,20034,,1063.96,Abierto,fecha_invalida
1178,453,,4385.65,Abierto,fecha_invalida
1179,6385,,513.6,Rechazado,fecha_invalida
1180,19288,,1147.2,Cerrado,fecha_invalida
1181,801,,7863.08,Rechazado,fecha_invalida
1182,24739,,,Abierto,"fecha_invalida,monto_invalido"
1184,15381,,2152.09,No especificado,fecha_invalida
1185,15619,,5907.17,No especificado,fecha_invalida
1186,11436,,9269.46,Abierto,fecha_invalida
1187,20954,,4227.36,No especificado,fecha_invalida
1188,11278,,9954.49,Cerrado,fecha_invalida
1189,13758,,7538.65,Cerrado,fecha_invalida
1190,2561,,9708.16,No especificado,fecha_invalida
1191,24567,,8626.26,No especificado,fecha_invalida
1194,12360,,1257.06,No especificado,fecha_invalida
1195,1088,,,No especificado,"fecha_invalida,monto_invalido"
1196,10349,,9104.31,Cerrado,fecha_invalida
1197,22770,2025-12-02,,Abierto,monto_invalido
1198,1007,,,Cerrado,"fecha_invalida,monto_invalido"
1199,7316,,,Cerrado,"fecha_invalida,monto_invalido"
1200,14387,,1174.91,Cerrado,fecha_invalida
1201,10811,,,Abierto,"fecha_invalida,monto_invalido"
1202,15557,,11977.15,Abierto,fecha_invalida
1204,10792,,2449.52,No especificado,fecha_invalida
1205,2785,,,No especificado,"fecha_invalida,monto_invalido"
1206,15823,,9814.88,Cerrado,fecha_invalida
1207,1951,,7073.11,Abierto,fecha_invalida
1208,12085,,7292.34,No especificado,fecha_invalida
1209,20312,,1540.0,Rechazado,fecha_invalida
1210,24186,,12984.46,Cerrado,fecha_invalida
1211,23782,2025-12-23,,Rechazado,monto_invalido
1212,18598,,5927.99,No especificado,fecha_invalida
1213,17164,2025-11-14,,No especificado,monto_invalido
1214,4547,2025-03-08,,No especificado,monto_invalido
1215,10385,,2146.77,Rechazado,fecha_invalida
1217,1757,,13977.45,Cerrado,fecha_invalida
1218,13968,,5718.28,Cerrado,fecha_invalida
1219,12303,,,Rechazado,"fecha_invalida,monto_invalido"
1220,11652,,9053.89,No especificado,fecha_invalida
1221,8298,2026-01-19,,Abierto,monto_invalido
1222,4761,2025-08-16,,No especificado,monto_invalido
1223,8808,,5726.65,Abierto,fecha_invalida
1224,12468,,13427.65,Rechazado,fecha_invalida
1225,23885,,12134.93,No especificado,fecha_invalida
1226,4251,,,Cerrado,"fecha_invalida,monto_invalido"
1227,25832,,,No especificado,"fecha_invalida,monto_invalido"
1228,2407,,5542.27,Cerrado,fecha_invalida
1229,405,,2902.16,No especificado,fecha_invalida
1230,10348,,14201.74,No especificado,fecha_invalida
1231,21623,2025-10-10,,Abierto,monto_invalido
1233,19055,,493.42,Rechazado,fecha_invalida
1234,18450,,9867.5,Cerrado,fecha_invalida
1235,8554,,9417.71,Abierto,fecha_invalida
1236,18995,,14867.87,Abierto,fecha_invalida
1238,9697,,1040.72,Cerrado,fecha_invalida
1239,21836,,12831.95,Rechazado,fecha_invalida
1240,16223,,277.84,No especificado,fecha_invalida
1241,21089,,1043.91,Cerrado,fecha_invalida
1242,16772,,,No especificado,"fecha_invalida,monto_invalido"
1243,7188,,2976.15,Cerrado,fecha_invalida
1244,12283,,7946.62,Abierto,fecha_invalida
1245,9315,,5018.98,No especificado,fecha_invalida
1246,22854,,2984.77,Cerrado,fecha_invalida
1248,23191,2025-01-21,,Cerrado,monto_invalido
1249,20643,,6978.95,Cerrado,fecha_invalida
1250,639,,10710.26,No especificado,fecha_invalida
1252,22472,,2721.9,Cerrado,fecha_invalida
1253,8538,,,Abierto,"fecha_invalida,monto_invalido"
1254,20454,,,Rechazado,"fecha_invalida,monto_invalido"
1255,5220,,115.46,Rechazado,fecha_invalida
1256,19180,,4203.56,Abierto,fecha_invalida
1257,5501,,4905.82,Abierto,fecha_invalida
1258,16974,,3290.95,Abierto,fecha_invalida
1260,19935,,11443.65,No especificado,fecha_invalida
1261,10131,,8864.57,No especificado,fecha_invalida
1262,25653,,5950.12,Rechazado,fecha_invalida
1263,14945,2025-06-22,,Abierto,monto_invalido
1264,25585,,,Abierto,"fecha_invalida,monto_invalido"
1265,18782,,6593.27,Rechazado,fecha_invalida
1267,6892,,10975.97,Cerrado,fecha_invalida
1268,16249,,13323.22,No especificado,fecha_invalida
1269,21082,,,No especificado,"fecha_invalida,monto_invalido"
1270,12115,,9620.5,Abierto,fecha_invalida
1271,2456,,,Abierto,"fecha_invalida,monto_invalido"
1272,25857,,,Cerrado,"fecha_invalida,monto_invalido"
1273,2951,,10068.99,Abierto,fecha_invalida
1275,19288,,2725.82,No especificado,fecha_invalida
1276,280,,,Cerrado,"fecha_invalida,monto_invalido"
1277,20864,,1036.3,No especificado,fecha_invalida
1278,1004,,5515.78,Rechazado,fecha_invalida
1279,22809,,11632.79,Abierto,fecha_invalida
1280,4880,,4587.25,Cerrado,fecha_invalida
1281,9897,,5477.26,Rechazado,fecha_invalida
1282,12153,,14167.1,Abierto,fecha_invalida
1283,701,,9490.68,Cerrado,fecha_invalida
1284,7964,,,Cerrado,"fecha_invalida,monto_invalido"
1285,13726,,2496.81,Rechazado,fecha_invalida
1287,7682,,,Abierto,"fecha_invalida,monto_invalido"
1290,11498,,6656.02,Abierto,fecha_invalida
1291,5882,,,Rechazado,"fecha_invalida,monto_invalido"
1293,10643,,303.03,Abierto,fecha_invalida
1294,23967,,13944.49,No especificado,fecha_invalida
1295,21960,,12943.58,No especificado,fecha_invalida
1296,5367,,2696.11,Cerrado,fecha_invalida
1297,3203,,,Rechazado,"fecha_invalida,monto_invalido"
1298,21679,,3205.53,Abierto,fecha_invalida
1299,1862,,3051.7,Abierto,fecha_invalida
1300,13633,,6440.54,No especificado,fecha_invalida
1301,4930,,499.17,Rechazado,fecha_invalida
1302,6501,,7922.05,No especificado,fecha_invalida
1303,264,,,Abierto,"fecha_invalida,monto_invalido"
1304,17185,,2863.3,Cerrado,fecha_invalida
1306,3099,,7877.21,No especificado,fecha_invalida
1307,17248,,,No especificado,"fecha_invalida,monto_invalido"
1308,20819,,12807.83,No especificado,fecha_invalida
1309,14353,,2037.84,Abierto,fecha_invalida
1310,12726,,3196.63,No especificado,fecha_invalida
1311,2315,,14201.32,No especificado,fecha_invalida
1312,2189,,14191.56,Abierto,fecha_invalida
1314,4439,,5353.68,Cerrado,fecha_invalida
1315,13728,,1409.91,Abierto,fecha_invalida
1316,12800,,,Abierto,"fecha_invalida,monto_invalido"
1317,19371,,,Cerrado,"fecha_invalida,monto_invalido"
1318,13716,,10715.88,Rechazado,fecha_invalida
1319,5559,,,Rechazado,"fecha_invalida,monto_invalido"
1320,4918,,1501.08,No especificado,fecha_invalida
1321,5808,,13056.06,Cerrado,fecha_invalida
1322,7393,2025-05-19,,No especificado,monto_invalido
1323,16976,,10001.37,Abierto,fecha_invalida
1324,16939,,10120.18,Cerrado,fecha_invalida
1325,6766,,,Abierto,"fecha_invalida,monto_invalido"
1326,21581,,13247.47,No especificado,fecha_invalida
1327,5838,,5233.17,Cerrado,fecha_invalida
1328,23471,,5596.99,Abierto,fecha_invalida
1330,12750,,8095.69,Abierto,fecha_invalida
1331,4675,,8657.7,Abierto,fecha_invalida
1333,4591,,12730.18,Abierto,fecha_invalida
1334,7227,,804.95,Cerrado,fecha_invalida
1335,23315,,14684.93,No especificado,fecha_invalida
1336,21837,,3334.44,Cerrado,fecha_invalida
1337,17413,,10772.53,Cerrado,fecha_invalida
1338,15367,,,Abierto,"fecha_invalida,monto_invalido"
1339,9171,,,Cerrado,"fecha_invalida,monto_invalido"
1341,23276,,12496.18,Cerrado,fecha_invalida
1342,20930,,,No especificado,"fecha_invalida,monto_invalido"
1343,4046,,10329.5,Abierto,fecha_invalida
1344,19571,,8283.79,Abierto,fecha_invalida
1345,21223,,9074.3,Cerrado,fecha_invalida
1346,22227,,2622.23,Abierto,fecha_invalida
1347,15514,,12002.76,No especificado,fecha_invalida
1349,12103,,682.74,Abierto,fecha_invalida
1350,5092,,500.96,Abierto,fecha_invalida
1351,563,,,Cerrado,"fecha_invalida,monto_invalido"
1352,734,,7397.35,Cerrado,fecha_invalida
1353,7303,,5680.67,Cerrado,fecha_invalida
1354,3772,,10725.18,Abierto,fecha_invalida
1355,12151,,4698.5,No especificado,fecha_invalida
1356,23951,,12068.19,Cerrado,fecha_invalida
1357,22130,,11891.95,No especificado,fecha_invalida
1358,23652,,5850.34,No especificado,fecha_invalida
1359,14693,,8813.51,Rechazado,fecha_invalida
1361,24260,,9292.89,Rechazado,fecha_invalida
1362,21685,,,Rechazado,"fecha_invalida,monto_invalido"
1363,13954,,9163.92,Abierto,fecha_invalida
1364,13980,,8707.04,No especificado,fecha_invalida
1365,2636,,5232.09,Abierto,fecha_invalida
1366,17006,,3110.71,Abierto,fecha_invalida
1367,6415,,2046.86,Cerrado,fecha_invalida
1368,8517,,1480.73,Cerrado,fecha_invalida
1369,20754,,8463.75,Cerrado,fecha_invalida
1370,12779,2026-02-21,,No especificado,monto_invalido
1371,7640,,,Cerrado,"fecha_invalida,monto_invalido"
1372,22316,,11612.33,Cerrado,fecha_invalida
1373,1379,,12470.22,No especificado,fecha_invalida
1374,23715,,9377.3,No especificado,fecha_invalida
1375,21863,,7731.57,Abierto,fecha_invalida
1376,23249,,5608.92,Abierto,fecha_invalida
1378,11583,,658.77,Abierto,fecha_invalida
1379,25727,,,Rechazado,"fecha_invalida,monto_invalido"
1380,8316,,,Cerrado,"fecha_invalida,monto_invalido"
1381,10201,,3670.1,Cerrado,fecha_invalida
1382,24644,,13161.99,Cerrado,fecha_invalida
1384,3654,,8018.27,Cerrado,fecha_invalida
1386,15656,,12330.75,Abierto,fecha_invalida
1387,11547,,9451.98,Cerrado,fecha_invalida
1388,2414,,,Abierto,"fecha_invalida,monto_invalido"
1389,20596,,14855.63,No especificado,fecha_invalida
1390,24285,,1372.5,Abierto,fecha_invalida
1391,14555,,12680.32,Rechazado,fecha_invalida
1393,4540,,768.87,Rechazado,fecha_invalida
1394,21463,,3636.5,No especificado,fecha_invalida
1395,6852,,12344.54,Abierto,fecha_invalida
1396,21395,,5952.86,Rechazado,fecha_invalida
1398,13443,,4318.21,Cerrado,fecha_invalida
1399,3874,,9300.73,Abierto,fecha_invalida
1400,19676,2025-06-03,,No especificado,monto_invalido
1401,23112,,4658.41,Abierto,fecha_invalida
1403,4283,,2633.56,Cerrado,fecha_invalida
1404,14776,,13119.37,No especificado,fecha_invalida
1405,8294,,,Cerrado,"fecha_invalida,monto_invalido"
1406,8719,,5915.97,Abierto,fecha_invalida
1407,13052,,,No especificado,"fecha_invalida,monto_invalido"
1408,11496,,4223.35,Cerrado,fecha_invalida
1409,2869,,1436.35,Abierto,fecha_invalida
1410,15619,,509.16,Abierto,fecha_invalida
1411,10651,,,Abierto,"fecha_invalida,monto_invalido"
1413,25745,,,Cerrado,"fecha_invalida,monto_invalido"
1414,25620,,8940.16,No especificado,fecha_invalida
1415,9335,,,Abierto,"fecha_invalida,monto_invalido"
1416,1806,,3319.22,Cerrado,fecha_invalida
1417,21070,,10902.82,No especificado,fecha_invalida
1419,22929,,14636.87,Cerrado,fecha_invalida
1420,9081,,,Abierto,"fecha_invalida,monto_invalido"
1421,11500,,3250.69,Cerrado,fecha_invalida
1422,11242,,5377.58,Cerrado,fecha_invalida
1423,20759,,8372.01,Abierto,fecha_invalida
1424,21782,2025-07-31,,Rechazado,monto_invalido
1425,3831,,4022.3,Abierto,fecha_invalida
1426,15555,,11281.7,Abierto,fecha_invalida
1427,9624,,3204.41,No especificado,fecha_invalida
1428,5384,,,Rechazado,"fecha_invalida,monto_invalido"
1429,6094,,5609.24,Abierto,fecha_invalida
1430,13806,,4148.18,No especificado,fecha_invalida
1431,9337,,,Rechazado,"fecha_invalida,monto_invalido"
1433,7520,,4779.21,No especificado,fecha_invalida
1434,7243,,9405.4,Abierto,fecha_invalida
1435,19763,,8214.41,No especificado,fecha_invalida
1436,9916,,7881.42,Abierto,fecha_invalida
1437,11222,,,Rechazado,"fecha_invalida,monto_invalido"
1439,9524,,9763.54,Cerrado,fecha_invalida
1441,11343,,,Rechazado,"fecha_invalida,monto_invalido"
1442,10386,,3876.08,Rechazado,fecha_invalida
1443,3844,,11811.71,Rechazado,fecha_invalida
1444,24168,,14088.58,Cerrado,fecha_invalida
1445,18385,,,Cerrado,"fecha_invalida,monto_invalido"
1446,24075,,13164.51,Cerrado,fecha_invalida
1447,21799,,,Abierto,"fecha_invalida,monto_invalido"
1450,9478,,,Abierto,"fecha_invalida,monto_invalido"
1451,6017,,10790.9,Abierto,fecha_invalida
1453,6962,,1960.6,Rechazado,fecha_invalida
1454,13894,,,Cerrado,"fecha_invalida,monto_invalido"
1455,6845,,6984.65,Abierto,fecha_invalida
1456,6309,,11704.65,Cerrado,fecha_invalida
1457,7235,,9943.98,Rechazado,fecha_invalida
1458,2953,,11070.01,No especificado,fecha_invalida
1459,24954,,,Abierto,"fecha_invalida,monto_invalido"
1460,14525,,11664.98,Cerrado,fecha_invalida
1461,13174,,,Cerrado,"fecha_invalida,monto_invalido"
1462,19453,,9532.75,No especificado,fecha_invalida
1463,16375,,14655.63,No especificado,fecha_invalida
1464,6576,,1345.69,No especificado,fecha_invalida
1466,24405,,,No especificado,"fecha_invalida,monto_invalido"
1467,8091,,10067.34,Cerrado,fecha_invalida
1469,1197,,11255.78,No especificado,fecha_invalida
1470,14357,,14734.22,Abierto,fecha_invalida
1471,11356,,11938.75,No especificado,fecha_invalida
1472,25735,,273.0,Rechazado,fecha_invalida
1473,6774,,12349.69,Abierto,fecha_invalida
1475,17162,,12664.2,Cerrado,fecha_invalida
1476,15429,,3455.7,Cerrado,fecha_invalida
1477,1797,,7228.05,Abierto,fecha_invalida
1478,17213,,6066.61,Abierto,fecha_invalida
1479,13889,,,Rechazado,"fecha_invalida,monto_invalido"
1481,21619,,,Abierto,"fecha_invalida,monto_invalido"
1482,12339,,3411.32,Abierto,fecha_invalida
1483,24886,,2221.79,No especificado,fecha_invalida
1485,3739,,14002.05,Cerrado,fecha_invalida
1486,23140,,2239.16,Abierto,fecha_invalida
1487,22507,,,Abierto,"fecha_invalida,monto_invalido"
1488,16339,,9866.18,Abierto,fecha_invalida
1489,10152,2025-07-12,,Cerrado,monto_invalido
1490,10919,,,No especificado,"fecha_invalida,monto_invalido"
1491,19473,,10608.9,Rechazado,fecha_invalida
1492,21099,,12954.99,Cerrado,fecha_invalida
1493,18230,,3242.03,No especificado,fecha_invalida
1494,15707,,6861.88,Abierto,fecha_invalida
1496,19417,2025-06-26,,Rechazado,monto_invalido
1498,3723,,,No especificado,"fecha_invalida,monto_invalido"
1499,1534,,12862.23,Abierto,fecha_invalida
1500,5188,,4021.79,Cerrado,fecha_invalida
1502,22109,,7280.03,Cerrado,fecha_invalida
1507,5010,,5191.04,Abierto,fecha_invalida
1508,23922,,,Cerrado,"fecha_invalida,monto_invalido"
1509,7610,,2361.74,Rechazado,fecha_invalida
1510,24665,,4582.76,No especificado,fecha_invalida
1511,7607,,-13471.35,Rechazado,fecha_invalida
1512,5142,,332.33,Abierto,fecha_invalida
1513,22963,,3458.42,Abierto,fecha_invalida
1514,25692,,,No especificado,"fecha_invalida,monto_invalido"
1515,17258,,4635.56,Rechazado,fecha_invalida
1516,13612,,5423.67,Abierto,fecha_invalida
1517,6321,,1441.95,No especificado,fecha_invalida
1519,2732,,,Cerrado,"fecha_invalida,monto_invalido"
1520,19601,,2751.89,No especificado,fecha_invalida
1521,17514,,1287.58,No especificado,fecha_invalida
1522,25614,,8082.96,Cerrado,fecha_invalida
1523,8973,,169.84,No especificado,fecha_invalida
1525,23896,,13646.22,Abierto,fecha_invalida
1526,8984,,,Abierto,"fecha_invalida,monto_invalido"
1528,24261,,673.3,No especificado,fecha_invalida
1529,7374,,3842.97,Abierto,fecha_invalida
1530,5798,,10158.37,Abierto,fecha_invalida
1531,6913,,413.69,No especificado,fecha_invalida
1532,3410,,13331.11,No especificado,fecha_invalida
1533,11986,,9924.28,Abierto,fecha_invalida
1534,23962,,487.62,No especificado,fecha_invalida
1535,77,,1178.57,Abierto,fecha_invalida
1536,12103,,10843.39,Abierto,fecha_invalida
1537,20430,,2969.85,No especificado,fecha_invalida
1538,23031,,6244.92,Abierto,fecha_invalida
1540,19844,,,No especificado,"fecha_invalida,monto_invalido"
1541,17026,,14486.33,Abierto,fecha_invalida
1542,23386,,4286.4,Abierto,fecha_invalida
1543,2999,,,Abierto,"fecha_invalida,monto_invalido"
1544,5361,,,Cerrado,"fecha_invalida,monto_invalido"
1545,21286,,10473.34,Rechazado,fecha_invalida
1546,6982,,8590.3,Rechazado,fecha_invalida
1547,2713,,14836.7,Cerrado,fecha_invalida
1548,6038,,7697.95,No especificado,fecha_invalida
1549,16260,,1838.76,Cerrado,fecha_invalida
1550,8469,,,Abierto,"fecha_invalida,monto_invalido"
1551,24210,,13017.38,No especificado,fecha_invalida
1552,12525,,13068.51,Abierto,fecha_invalida
1555,21895,,3573.48,Cerrado,fecha_invalida
1556,15290,,,Abierto,"fecha_invalida,monto_invalido"
1557,2875,,13122.47,Abierto,fecha_invalida
1558,19253,,7586.96,Cerrado,fecha_invalida
1559,22819,,9352.32,Abierto,fecha_invalida
1560,17335,,10290.63,Abierto,fecha_invalida
1561,11098,,9822.63,Cerrado,fecha_invalida
1562,18159,2025-04-16,,Rechazado,monto_invalido
1563,24590,,10818.93,Rechazado,fecha_invalida
1565,8482,,4333.38,No especificado,fecha_invalida
1566,6849,,3892.12,Rechazado,fecha_invalida
1568,7268,,,Abierto,"fecha_invalida,monto_invalido"
1570,9794,,12343.31,Abierto,fecha_invalida
1571,2817,,8768.67,No especificado,fecha_invalida
1572,25506,,,Cerrado,"fecha_invalida,monto_invalido"
1573,18576,,8546.09,Abierto,fecha_invalida
1574,20263,,,Abierto,"fecha_invalida,monto_invalido"
1576,11899,,14332.84,Rechazado,fecha_invalida
1577,20862,,888.16,Rechazado,fecha_invalida
1578,11943,,10299.33,No especificado,fecha_invalida
1579,16882,,755.76,Rechazado,fecha_invalida
1581,24898,,5976.74,Abierto,fecha_invalida
1582,16622,,,No especificado,"fecha_invalida,monto_invalido"
1583,15796,,3950.21,Rechazado,fecha_invalida
1584,9543,,14269.64,Rechazado,fecha_invalida
1585,7750,,14826.99,Abierto,fecha_invalida
1586,12676,,10701.9,Abierto,fecha_invalida
1589,18614,,4144.8,Cerrado,fecha_invalida
1590,14687,,12635.32,Cerrado,fecha_invalida
1591,16340,,,Abierto,"fecha_invalida,monto_invalido"
1592,14672,,4060.14,Abierto,fecha_invalida
1593,17794,,124.71,Cerrado,fecha_invalida
1594,6947,,1246.82,No especificado,fecha_invalida
1595,16650,,6602.32,No especificado,fecha_invalida
1596,20438,,5672.27,No especificado,fecha_invalida
1597,21771,,,Abierto,"fecha_invalida,monto_invalido"
1598,12815,,11055.38,Abierto,fecha_invalida
1599,17274,,8445.17,Cerrado,fecha_invalida
1600,16134,,,Rechazado,"fecha_invalida,monto_invalido"
1601,25582,,1773.66,Cerrado,fecha_invalida
1602,21142,,5456.03,Abierto,fecha_invalida
1603,22121,,13184.77,Cerrado,fecha_invalida
1604,7108,2025-12-25,,No especificado,monto_invalido
1605,24145,,5079.39,Abierto,fecha_invalida
1606,11783,,10644.47,Rechazado,fecha_invalida
1607,19514,,3430.22,Abierto,fecha_invalida
1609,9973,,8344.04,Abierto,fecha_invalida
1610,20853,,14916.37,Abierto,fecha_invalida
1611,5761,,422.91,No especificado,fecha_invalida
1612,16850,,5320.82,No especificado,fecha_invalida
1614,22551,,14069.5,No especificado,fecha_invalida
1615,12778,2025-06-24,,No especificado,monto_invalido
1617,10680,,2936.7,Abierto,fecha_invalida
1619,4319,,8406.7,Rechazado,fecha_invalida
1620,17234,,4176.97,Cerrado,fecha_invalida
1622,9705,,10663.53,No especificado,fecha_invalida
1624,20288,,,No especificado,"fecha_invalida,monto_invalido"
1625,20251,,3105.78,Cerrado,fecha_invalida
1627,12223,,5806.47,No especificado,fecha_invalida
1628,19419,,8875.22,Abierto,fecha_invalida
1629,7756,,3970.26,No especificado,fecha_invalida
1630,6147,,9172.71,Rechazado,fecha_invalida
1631,23663,,9825.35,No especificado,fecha_invalida
1632,24698,,8147.96,No especificado,fecha_invalida
1633,13439,,8464.07,Rechazado,fecha_invalida
1634,13554,,,Abierto,"fecha_invalida,monto_invalido"
1635,1899,,3611.54,Cerrado,fecha_invalida
1636,18942,,7658.59,Abierto,fecha_invalida
1637,24853,,14517.28,No especificado,fecha_invalida
1639,18349,,,No especificado,"fecha_invalida,monto_invalido"
1640,12237,,,No especificado,"fecha_invalida,monto_invalido"
1641,7726,,11900.49,Cerrado,fecha_invalida
1642,5128,,5998.03,No especificado,fecha_invalida
1643,24800,,2225.29,Rechazado,fecha_invalida
1644,20306,,,Abierto,"fecha_invalida,monto_invalido"
1646,18662,,5421.05,Cerrado,fecha_invalida
1648,8730,,7269.02,Abierto,fecha_invalida
1649,20308,,14566.91,No especificado,fecha_invalida
1650,23878,,6367.46,No especificado,fecha_invalida
1651,497,,,Abierto,"fecha_invalida,monto_invalido"
1652,3274,,4403.86,Abierto,fecha_invalida
1653,23044,,9906.16,Rechazado,fecha_invalida
1654,140,,,Abierto,"fecha_invalida,monto_invalido"
1655,6461,,1794.45,Abierto,fecha_invalida
1656,22727,,2116.47,Abierto,fecha_invalida
1657,15344,,14721.34,Cerrado,fecha_invalida
1658,11203,,,No especificado,"fecha_invalida,monto_invalido"
1660,13791,,9738.63,Rechazado,fecha_invalida
1661,19514,,5785.53,Abierto,fecha_invalida
1662,10657,,,Cerrado,"fecha_invalida,monto_invalido"
1663,1536,,4094.39,Rechazado,fecha_invalida
1664,4046,,5640.41,Abierto,fecha_invalida
1665,7354,,5707.24,Rechazado,fecha_invalida
1666,21309,,6049.07,Cerrado,fecha_invalida
1667,16218,2025-06-16,,Cerrado,monto_invalido
1668,22198,,1454.97,No especificado,fecha_invalida
1669,16274,2026-02-05,,No especificado,monto_invalido
1670,25748,,,No especificado,"fecha_invalida,monto_invalido"
1672,15931,,12335.99,No especificado,fecha_invalida
1673,19684,,4090.88,Cerrado,fecha_invalida
1674,23943,,5803.78,Cerrado,fecha_invalida
1675,22816,,13433.8,No especificado,fecha_invalida
1676,3211,,417.92,Abierto,fecha_invalida
1677,10356,,6125.12,Cerrado,fecha_invalida
1678,15487,,4073.39,No especificado,fecha_invalida
1679,5678,,946.57,Abierto,fecha_invalida
1680,16276,,3621.25,Abierto,fecha_invalida
1682,10030,,8025.3,Cerrado,fecha_invalida
1683,22209,,6950.72,Cerrado,fecha_invalida
1684,8607,,,No especificado,"fecha_invalida,monto_invalido"
1685,20635,,,No especificado,"fecha_invalida,monto_invalido"
1686,21541,,5751.4,Cerrado,fecha_invalida
1687,6289,,8359.01,Abierto,fecha_invalida
1688,14006,,10717.35,Abierto,fecha_invalida
1689,18789,,,Abierto,"fecha_invalida,monto_invalido"
1690,13496,,,Cerrado,"fecha_invalida,monto_invalido"
1691,5604,,1639.43,Cerrado,fecha_invalida
1692,8897,,10700.54,Cerrado,fecha_invalida
1693,22679,,6624.27,No especificado,fecha_invalida
1694,12135,,14171.39,No especificado,fecha_invalida
1695,22979,,5342.61,Cerrado,fecha_invalida
1696,3,,3842.84,Cerrado,fecha_invalida
1697,9911,,1268.23,Cerrado,fecha_invalida
1698,362,,10705.25,No especificado,fecha_invalida
1699,6458,,11003.47,Cerrado,fecha_invalida
1701,3628,,198.12,Cerrado,fecha_invalida
1704,23784,,,Rechazado,"fecha_invalida,monto_invalido"
1705,10032,,11034.33,No especificado,fecha_invalida
1706,6400,,10276.18,No especificado,fecha_invalida
1707,18921,,3154.38,Abierto,fecha_invalida
1708,23367,,4989.47,Abierto,fecha_invalida
1709,25857,,3504.9,Abierto,fecha_invalida
1710,24381,,,Cerrado,"fecha_invalida,monto_invalido"
1711,487,,11102.58,Cerrado,fecha_invalida
1712,725,,4628.82,Cerrado,fecha_invalida
1713,19951,2025-06-13,,No especificado,monto_invalido
1714,16177,,,Cerrado,"fecha_invalida,monto_invalido"
1716,15646,,6969.42,Abierto,fecha_invalida
1717,16310,,997.25,Abierto,fecha_invalida
1719,23646,,,Abierto,"fecha_invalida,monto_invalido"
1720,9594,,,No especificado,"fecha_invalida,monto_invalido"
1721,17403,,14084.26,Cerrado,fecha_invalida
1722,12854,,,No especificado,"fecha_invalida,monto_invalido"
1723,22585,,11017.87,Abierto,fecha_invalida
1726,15203,,1691.15,Abierto,fecha_invalida
1727,22791,,3290.56,Abierto,fecha_invalida
1728,18014,,6059.38,Cerrado,fecha_invalida
1729,21018,,2315.11,Cerrado,fecha_invalida
1730,18609,,13971.11,Cerrado,fecha_invalida
1731,17953,,3607.23,No especificado,fecha_invalida
1732,21801,,6022.36,No especificado,fecha_invalida
1734,18711,,2970.31,Abierto,fecha_invalida
1736,11816,,5443.92,Cerrado,fecha_invalida
1737,14435,,4637.3,Abierto,fecha_invalida
1738,21295,,13384.46,No especificado,fecha_invalida
1742,5917,,2720.64,Cerrado,fecha_invalida
1743,21885,,1468.6,Cerrado,fecha_invalida
1745,3242,,13344.51,Cerrado,fecha_invalida
1746,6812,,10981.75,Cerrado,fecha_invalida
1748,578,,13210.33,Cerrado,fecha_invalida
1749,18459,,7168.82,Cerrado,fecha_invalida
1750,16349,,13412.59,Abierto,fecha_invalida
1751,14157,,9988.32,Cerrado,fecha_invalida
1752,21814,,7726.82,Cerrado,fecha_invalida
1753,16158,,8538.48,Rechazado,fecha_invalida
1754,15985,,1894.27,Abierto,fecha_invalida
1755,12517,,,No especificado,"fecha_invalida,monto_invalido"
1757,583,,11197.37,Cerrado,fecha_invalida
1758,22353,,13507.25,Cerrado,fecha_invalida
1759,12557,,2980.87,Abierto,fecha_invalida
1761,3377,2026-01-05,,Abierto,monto_invalido
1762,3692,,9676.04,No especificado,fecha_invalida
1763,23579,,4609.03,No especificado,fecha_invalida
1764,1221,,10531.93,Cerrado,fecha_invalida
1765,11078,,2803.48,Abierto,fecha_invalida
1766,6556,,8873.53,Abierto,fecha_invalida
1768,14986,,6540.78,Cerrado,fecha_invalida
1769,4781,,,No especificado,"fecha_invalida,monto_invalido"
1770,15069,,12092.65,Cerrado,fecha_invalida
1771,22197,,3166.46,Cerrado,fecha_invalida
1773,5273,,9839.8,No especificado,fecha_invalida
1774,7242,,14191.33,Cerrado,fecha_invalida
1775,23224,,13837.08,Cerrado,fecha_invalida
1776,20436,,,Rechazado,"fecha_invalida,monto_invalido"
1777,13885,,,Cerrado,"fecha_invalida,monto_invalido"
1778,983,,4936.73,No especificado,fecha_invalida
1779,21484,,3767.35,Cerrado,fecha_invalida
1780,11872,,7972.84,Cerrado,fecha_invalida
1781,4050,,10099.53,No especificado,fecha_invalida
1782,21554,,5842.04,Cerrado,fecha_invalida
1783,21334,,7384.45,Abierto,fecha_invalida
1784,18429,2025-03-13,,No especificado,monto_invalido
1785,22345,,13657.52,Cerrado,fecha_invalida
1786,13597,,8608.38,No especificado,fecha_invalida
1787,6620,,1056.39,No especificado,fecha_invalida
1789,6518,,14330.32,No especificado,fecha_invalida
1790,20480,2025-11-03,,Abierto,monto_invalido
1791,22855,,,No especificado,"fecha_invalida,monto_invalido"
1792,6819,,226.54,Rechazado,fecha_invalida
1794,6881,,,No especificado,"fecha_invalida,monto_invalido"
1795,17921,2025-11-24,,Cerrado,monto_invalido
1796,19046,,,Rechazado,"fecha_invalida,monto_invalido"
1800,6555,,12219.16,No especificado,fecha_invalida
1801,12035,,617.52,Abierto,fecha_invalida
1802,19906,,8711.91,No especificado,fecha_invalida
1803,2114,,4728.3,No especificado,fecha_invalida
1805,12108,,5335.93,No especificado,fecha_invalida
1806,14494,,,No especificado,"fecha_invalida,monto_invalido"
1808,24630,,,Rechazado,"fecha_invalida,monto_invalido"
1809,23298,,8743.38,No especificado,fecha_invalida
1810,17048,,2521.35,Rechazado,fecha_invalida
1811,3336,,14741.87,Abierto,fecha_invalida
1814,16960,,7339.44,Cerrado,fecha_invalida
1815,5058,,,Abierto,"fecha_invalida,monto_invalido"
1816,10632,,1194.15,Cerrado,fecha_invalida
1817,16667,,13195.93,Abierto,fecha_invalida
1818,4468,,9678.43,Cerrado,fecha_invalida
1819,8884,,8575.19,Cerrado,fecha_invalida
1820,5877,,6951.16,No especificado,fecha_invalida
1821,15978,,4360.18,Abierto,fecha_invalida
1822,1320,,,Abierto,"fecha_invalida,monto_invalido"
1823,13582,,7352.46,Cerrado,fecha_invalida
1824,10686,,9700.72,Cerrado,fecha_invalida
1825,6560,,6812.54,Abierto,fecha_invalida
1826,20678,,,No especificado,"fecha_invalida,monto_invalido"
1827,4236,,8314.07,Abierto,fecha_invalida
1828,15043,,1796.11,Cerrado,fecha_invalida
1829,17518,,6721.95,Cerrado,fecha_invalida
1830,4672,,847.57,Rechazado,fecha_invalida
1831,25888,,5651.21,No especificado,fecha_invalida
1832,5842,,8809.97,Cerrado,fecha_invalida
1833,6007,,,Abierto,"fecha_invalida,monto_invalido"
1834,7502,,,Cerrado,"fecha_invalida,monto_invalido"
1835,1008,2025-01-29,,Rechazado,monto_invalido
1836,23361,,3209.07,Rechazado,fecha_invalida
1837,8932,,1882.79,Rechazado,fecha_invalida
1838,11502,,3176.28,Cerrado,fecha_invalida
1839,17357,,6665.32,Cerrado,fecha_invalida
1840,19681,,5113.17,Rechazado,fecha_invalida
1841,12277,,680.98,Abierto,fecha_invalida
1842,22641,,3843.6,Cerrado,fecha_invalida
1843,15084,,5017.9,Cerrado,fecha_invalida
1844,19470,,1337.22,Cerrado,fecha_invalida
1845,5366,,11069.73,Abierto,fecha_invalida
1846,7946,,3472.12,Rechazado,fecha_invalida
1847,22261,,6977.66,Cerrado,fecha_invalida
1848,22563,,,No especificado,"fecha_invalida,monto_invalido"
1849,22521,,13436.69,Abierto,fecha_invalida
1850,10383,,,Abierto,"fecha_invalida,monto_invalido"
1851,9774,2025-05-10,,Rechazado,monto_invalido
1852,436,,3893.27,Abierto,fecha_invalida
1853,12709,,4062.55,No especificado,fecha_invalida
1854,14871,,14969.88,Cerrado,fecha_invalida
1855,20804,,3783.78,Rechazado,fecha_invalida
1856,17753,,1368.42,No especificado,fecha_invalida
1857,3550,,,Cerrado,"fecha_invalida,monto_invalido"
1858,7841,,12162.19,Cerrado,fecha_invalida
1859,9873,,,Rechazado,"fecha_invalida,monto_invalido"
1861,9096,,9168.72,Rechazado,fecha_invalida
1862,8975,,14843.31,Abierto,fecha_invalida
1863,9190,,,Abierto,"fecha_invalida,monto_invalido"
1865,16379,,9012.54,Cerrado,fecha_invalida
1866,19983,,14763.23,Cerrado,fecha_invalida
1867,20421,,1763.03,Rechazado,fecha_invalida
1868,9936,,308.97,No especificado,fecha_invalida
1869,22147,,7346.23,No especificado,fecha_invalida
1870,11103,,9002.31,Abierto,fecha_invalida
1871,8047,,376.88,No especificado,fecha_invalida
1872,17080,,2309.58,Abierto,fecha_invalida
1873,11859,,-13146.99,No especificado,fecha_invalida
1874,4879,,7708.61,Abierto,fecha_invalida
1875,10335,,7807.53,Cerrado,fecha_invalida
1876,18359,,10047.13,Cerrado,fecha_invalida
1877,13700,,5353.21,Abierto,fecha_invalida
1878,10154,,3709.75,Abierto,fecha_invalida
1880,11215,,5117.67,No especificado,fecha_invalida
1881,19041,,12114.65,Abierto,fecha_invalida
1882,12872,,11489.95,No especificado,fecha_invalida
1883,15435,,10095.06,No especificado,fecha_invalida
1884,14239,,,No especificado,"fecha_invalida,monto_invalido"
1885,6887,,13842.77,Cerrado,fecha_invalida
1886,6035,,7138.65,No especificado,fecha_invalida
1887,24229,,,No especificado,"fecha_invalida,monto_invalido"
1888,1449,,8189.69,Rechazado,fecha_invalida
1889,21000,,12867.83,No especificado,fecha_invalida
1890,19987,,5001.16,Cerrado,fecha_invalida
1891,11314,,,Abierto,"fecha_invalida,monto_invalido"
1892,19649,,11959.99,Cerrado,fecha_invalida
1894,7208,,4466.26,Abierto,fecha_invalida
1895,5770,,4874.93,Cerrado,fecha_invalida
1896,5035,,11911.4,No especificado,fecha_invalida
1898,20915,,4112.7,Abierto,fecha_invalida
1899,24792,,500.44,Cerrado,fecha_invalida
1900,24018,,8519.54,Abierto,fecha_invalida
1901,12631,,6219.35,No especificado,fecha_invalida
1902,12002,,2549.46,Abierto,fecha_invalida
1903,12829,2025-08-20,,Abierto,monto_invalido
1904,4878,,8020.55,Rechazado,fecha_invalida
1905,5196,,9207.3,Abierto,fecha_invalida
1906,6297,,,No especificado,"fecha_invalida,monto_invalido"
1907,20850,,2459.1,Cerrado,fecha_invalida
1908,16064,,3366.23,Rechazado,fecha_invalida
1910,2378,,,Rechazado,"fecha_invalida,monto_invalido"
1912,17755,,14037.66,Abierto,fecha_invalida
1913,22401,,,No especificado,"fecha_invalida,monto_invalido"
1914,20821,,,Abierto,"fecha_invalida,monto_invalido"
1915,4249,,,No especificado,"fecha_invalida,monto_invalido"
1916,25680,,1148.33,Cerrado,fecha_invalida
1917,1483,,2931.64,No especificado,fecha_invalida
1919,23370,,10088.81,No especificado,fecha_invalida
1921,12612,,5659.4,Rechazado,fecha_invalida
1922,21616,,11904.05,Cerrado,fecha_invalida
1923,245,,14073.33,Cerrado,fecha_invalida
1925,22265,,376.05,Cerrado,fecha_invalida
1926,9112,,7925.68,Rechazado,fecha_invalida
1927,12363,,,Abierto,"fecha_invalida,monto_invalido"
1928,15754,,13705.13,Rechazado,fecha_invalida
1930,1800,,931.65,No especificado,fecha_invalida
1931,11267,2026-01-15,,Abierto,monto_invalido
1932,4478,,,Abierto,"fecha_invalida,monto_invalido"
1933,18557,2025-02-13,,Rechazado,monto_invalido
1935,21513,,8989.34,Abierto,fecha_invalida
1936,10230,,,Cerrado,"fecha_invalida,monto_invalido"
1937,22608,,14412.57,Cerrado,fecha_invalida
1938,6924,,5308.87,No especificado,fecha_invalida
1939,2404,,6091.7,Abierto,fecha_invalida
1940,5066,,2616.09,Rechazado,fecha_invalida
1941,15081,,11345.54,Cerrado,fecha_invalida
1943,25537,,10387.2,No especificado,fecha_invalida
1944,2978,,7429.41,Cerrado,fecha_invalida
1946,9795,,-3125.37,No especificado,fecha_invalida
1947,5115,,5760.59,Abierto,fecha_invalida
1948,24798,,8708.66,Cerrado,fecha_invalida
1950,928,,4200.55,Abierto,fecha_invalida
1951,11356,,3026.6,No especificado,fecha_invalida
1952,6007,,2171.99,Abierto,fecha_invalida
1954,18312,,4234.84,Cerrado,fecha_invalida
1955,15727,,11334.42,Abierto,fecha_invalida
1956,18072,,13842.33,Cerrado,fecha_invalida
1957,5599,,4898.77,No especificado,fecha_invalida
1958,14376,,8939.68,No especificado,fecha_invalida
1959,25653,,,Cerrado,"fecha_invalida,monto_invalido"
1961,10180,,458.57,No especificado,fecha_invalida
1962,6185,,2784.93,Abierto,fecha_invalida
1963,7665,,13058.05,No especificado,fecha_invalida
1964,19457,,12371.01,No especificado,fecha_invalida
1965,10239,,,Abierto,"fecha_invalida,monto_invalido"
1966,3564,,7859.5,Abierto,fecha_invalida
1967,23070,,5037.27,No especificado,fecha_invalida
1968,12848,,14024.56,No especificado,fecha_invalida
1969,12354,,12960.35,No especificado,fecha_invalida
1970,5997,,11445.06,Rechazado,fecha_invalida
1971,3132,2025-06-01,,Abierto,monto_invalido
1973,22257,,11972.26,Abierto,fecha_invalida
1974,3645,,12880.85,No especificado,fecha_invalida
1975,11929,,,Rechazado,"fecha_invalida,monto_invalido"
1976,1173,,5061.0,Cerrado,fecha_invalida
1977,9405,,11568.01,Rechazado,fecha_invalida
1978,18718,,11920.23,Cerrado,fecha_invalida
1979,10310,,3324.42,Rechazado,fecha_invalida
1980,14985,,747.73,Abierto,fecha_invalida
1981,21422,,7994.96,Rechazado,fecha_invalida
1982,13668,2025-06-04,,Abierto,monto_invalido
1983,23716,,9803.54,Rechazado,fecha_invalida
1984,8409,,9904.12,No especificado,fecha_invalida
1985,19738,,,Abierto,"fecha_invalida,monto_invalido"
1986,24076,,14157.66,Rechazado,fecha_invalida
1988,1267,,12110.14,Cerrado,fecha_invalida
1989,6342,,6561.12,Abierto,fecha_invalida
1991,21922,,,Abierto,"fecha_invalida,monto_invalido"
1992,5897,,,Abierto,"fecha_invalida,monto_invalido"
1993,5951,,,No especificado,"fecha_invalida,monto_invalido"
1994,23527,,11800.09,Cerrado,fecha_invalida
1995,17771,,3354.38,Cerrado,fecha_invalida
1996,17443,,1059.17,Abierto,fecha_invalida
1998,17036,,9445.55,No especificado,fecha_invalida
2000,14424,,6440.22,No especificado,fecha_invalida
2002,4406,,3963.28,Cerrado,fecha_invalida
2003,19906,,,No especificado,"fecha_invalida,monto_invalido"
2004,1052,,,No especificado,"fecha_invalida,monto_invalido"
2005,20692,,13354.86,Rechazado,fecha_invalida
2006,16866,,2341.27,Abierto,fecha_invalida
2007,9647,,,Rechazado,"fecha_invalida,monto_invalido"
2008,14641,,2002.05,Cerrado,fecha_invalida
2009,8864,,14996.75,No especificado,fecha_invalida
2010,14609,,7622.38,No especificado,fecha_invalida
2011,20873,,,No especificado,"fecha_invalida,monto_invalido"
2012,2116,,10914.37,Rechazado,fecha_invalida
2013,6808,,2668.84,No especificado,fecha_invalida
2014,18068,,,Abierto,"fecha_invalida,monto_invalido"
2016,18812,,11966.28,Cerrado,fecha_invalida
2017,10286,,,No especificado,"fecha_invalida,monto_invalido"
2018,21296,,,Rechazado,"fecha_invalida,monto_invalido"
2019,14718,,,No especificado,"fecha_invalida,monto_invalido"
2020,1105,,7568.87,No especificado,fecha_invalida
2022,15595,,11585.72,Abierto,fecha_invalida
2024,17630,,7155.37,Rechazado,fecha_invalida
2025,23468,,5106.41,Abierto,fecha_invalida
2026,23719,2025-11-02,,Cerrado,monto_invalido
2027,13023,2025-03-25,,No especificado,monto_invalido
2028,8480,,2800.94,Abierto,fecha_invalida
2030,24667,,,Abierto,"fecha_invalida,monto_invalido"
2032,10770,,4257.6,Cerrado,fecha_invalida
2033,23214,,,No especificado,"fecha_invalida,monto_invalido"
2034,15088,,8996.9,Abierto,fecha_invalida
2036,6962,,14164.09,No especificado,fecha_invalida
2037,6124,,11555.1,Abierto,fecha_invalida
2038,23938,,,Cerrado,"fecha_invalida,monto_invalido"
2039,21609,,7463.52,Rechazado,fecha_invalida
2040,13752,,6115.06,Cerrado,fecha_invalida
2041,6843,,693.97,Rechazado,fecha_invalida
2042,9167,,1939.93,Abierto,fecha_invalida
2043,24839,,2562.93,Cerrado,fecha_invalida
2044,6772,,9201.83,Rechazado,fecha_invalida
2045,11343,,5598.05,No especificado,fecha_invalida
2046,9382,,4930.57,Abierto,fecha_invalida
2047,11408,,508.55,Abierto,fecha_invalida
2051,6303,,14448.22,Abierto,fecha_invalida
2052,11775,,9190.32,No especificado,fecha_invalida
2053,10475,,6178.8,Cerrado,fecha_invalida
2055,19974,,11737.04,Abierto,fecha_invalida
2056,3311,,476.23,No especificado,fecha_invalida
2057,17814,,12652.2,Abierto,fecha_invalida
2058,9187,,3917.33,Abierto,fecha_invalida
2059,2554,,9394.92,Abierto,fecha_invalida
2060,2609,,7367.96,No especificado,fecha_invalida
2061,7090,,10419.0,Abierto,fecha_invalida
2062,10009,2025-05-05,,No especificado,monto_invalido
2063,3841,,13965.79,Rechazado,fecha_invalida
2065,6177,,,Abierto,"fecha_invalida,monto_invalido"
2066,6733,,6514.5,Cerrado,fecha_invalida
2067,18940,,14080.58,No especificado,fecha_invalida
2068,20623,,5598.66,No especificado,fecha_invalida
2069,15838,,1935.71,Abierto,fecha_invalida
2070,16333,,,Abierto,"fecha_invalida,monto_invalido"
2071,18190,,,Abierto,"fecha_invalida,monto_invalido"
2072,19158,,5164.23,Abierto,fecha_invalida
2073,748,,6018.67,No especificado,fecha_invalida
2074,11752,,12130.78,Rechazado,fecha_invalida
2075,16490,,8174.67,No especificado,fecha_invalida
2076,18072,,,Abierto,"fecha_invalida,monto_invalido"
2077,17252,,7933.21,No especificado,fecha_invalida
2079,6895,,,No especificado,"fecha_invalida,monto_invalido"
2080,10895,,,No especificado,"fecha_invalida,monto_invalido"
2081,3369,,,Cerrado,"fecha_invalida,monto_invalido"
2082,22021,,8533.0,Cerrado,fecha_invalida
2083,14545,,,Cerrado,"fecha_invalida,monto_invalido"
2084,12231,,375.26,Cerrado,fecha_invalida
2087,2627,,,Abierto,"fecha_invalida,monto_invalido"
2089,2634,,9920.66,Cerrado,fecha_invalida
2090,13334,,6943.67,Abierto,fecha_invalida
2091,5036,,13241.53,Cerrado,fecha_invalida
2092,3682,2025-05-24,,Abierto,monto_invalido
2093,4037,,1286.47,Abierto,fecha_invalida
2094,11735,,9284.86,Rechazado,fecha_invalida
2095,12067,,12193.03,Abierto,fecha_invalida
2096,20212,,10913.99,No especificado,fecha_invalida
2097,3591,,-6057.44,Rechazado,fecha_invalida
2098,14020,,8582.29,Abierto,fecha_invalida
2099,11451,,10982.18,Abierto,fecha_invalida
2100,10108,,1987.87,Cerrado,fecha_invalida
2102,25702,,11456.76,No especificado,fecha_invalida
2103,17393,,6191.46,Cerrado,fecha_invalida
2105,18088,,8073.53,Abierto,fecha_invalida
2106,25564,2025-11-18,,Rechazado,monto_invalido
2107,12057,,11051.74,Abierto,fecha_invalida
2108,25757,,8907.86,No especificado,fecha_invalida
2110,19846,,4708.12,No especificado,fecha_invalida
2112,2291,,,Cerrado,"fecha_invalida,monto_invalido"
2114,7677,,4151.82,Rechazado,fecha_invalida
2115,24559,2025-02-08,,Rechazado,monto_invalido
2116,12438,2025-02-25,,Cerrado,monto_invalido
2117,24992,,7653.58,Abierto,fecha_invalida
2118,17518,,13923.05,Abierto,fecha_invalida
2119,11636,2025-07-31,,Rechazado,monto_invalido
2120,9202,,1092.28,No especificado,fecha_invalida
2121,19308,,663.12,Rechazado,fecha_invalida
2122,12346,,8568.98,Rechazado,fecha_invalida
2123,893,,,Abierto,"fecha_invalida,monto_invalido"
2124,5124,,14936.35,Abierto,fecha_invalida
2125,10888,,3348.65,Abierto,fecha_invalida
2126,12350,,12101.95,Abierto,fecha_invalida
2128,9332,,3399.29,Cerrado,fecha_invalida
2130,24568,,10081.96,No especificado,fecha_invalida
2131,23436,,5982.94,Cerrado,fecha_invalida
2132,25745,,9260.15,Cerrado,fecha_invalida
2133,5582,,3173.9,No especificado,fecha_invalida
2134,15550,,,Cerrado,"fecha_invalida,monto_invalido"
2135,2938,,2872.8,Abierto,fecha_invalida
2136,12132,,6320.16,Abierto,fecha_invalida
2137,3740,,,Cerrado,"fecha_invalida,monto_invalido"
2138,20659,,12384.59,Rechazado,fecha_invalida
2139,1271,,10237.56,Cerrado,fecha_invalida
2140,20890,,,Abierto,"fecha_invalida,monto_invalido"
2141,8581,,9118.98,No especificado,fecha_invalida
2142,10758,,11722.12,Cerrado,fecha_invalida
2143,7049,,14263.63,No especificado,fecha_invalida
2144,3429,,1670.77,Abierto,fecha_invalida
2145,2154,,-8284.4,Abierto,fecha_invalida
2146,18485,,9261.89,Cerrado,fecha_invalida
2147,18198,,14907.53,No especificado,fecha_invalida
2148,2733,,325.67,Cerrado,fecha_invalida
2150,22568,,3707.92,Abierto,fecha_invalida
2151,17498,,,No especificado,"fecha_invalida,monto_invalido"
2152,23495,,5511.11,Cerrado,fecha_invalida
2153,23172,,7871.92,Cerrado,fecha_invalida
2154,5275,,,Cerrado,"fecha_invalida,monto_invalido"
2155,6403,,,Rechazado,"fecha_invalida,monto_invalido"
2156,16843,2025-01-08,,Rechazado,monto_invalido
2157,4386,,14883.66,Abierto,fecha_invalida
2159,3796,,,Cerrado,"fecha_invalida,monto_invalido"
2160,17763,,10933.93,No especificado,fecha_invalida
2161,23253,,,Cerrado,"fecha_invalida,monto_invalido"
2162,953,,10703.97,Cerrado,fecha_invalida
2163,22022,,11882.41,No especificado,fecha_invalida
2164,3580,,11081.21,Rechazado,fecha_invalida
2165,22516,,1734.1,Abierto,fecha_invalida
2166,17272,,5817.24,Abierto,fecha_invalida
2167,20892,,9492.02,Abierto,fecha_invalida
2168,11975,,4716.66,Abierto,fecha_invalida
2169,920,,12524.67,Cerrado,fecha_invalida
2170,13440,,,Cerrado,"fecha_invalida,monto_invalido"
2171,6484,,,No especificado,"fecha_invalida,monto_invalido"
2172,21824,,5061.04,Abierto,fecha_invalida
2173,8693,,1265.15,Cerrado,fecha_invalida
2175,21219,,4325.25,No especificado,fecha_invalida
2177,12062,2025-02-17,,No especificado,monto_invalido
2178,21517,,13089.13,Abierto,fecha_invalida
2182,23939,,7294.75,No especificado,fecha_invalida
2183,14188,,1766.51,Abierto,fecha_invalida
2184,15946,,14291.37,Cerrado,fecha_invalida
2185,13495,,11264.69,No especificado,fecha_invalida
2186,22878,,8833.35,Rechazado,fecha_invalida
2187,6776,,,Cerrado,"fecha_invalida,monto_invalido"
2188,19306,,9700.04,Abierto,fecha_invalida
2190,4196,,14465.04,Cerrado,fecha_invalida
2191,15378,,,Abierto,"fecha_invalida,monto_invalido"
2192,7276,2025-04-22,,Cerrado,monto_invalido
2193,23797,,4161.15,Cerrado,fecha_invalida
2194,24751,,5918.66,Rechazado,fecha_invalida
2195,20237,,1798.81,No especificado,fecha_invalida
2196,12443,,,Cerrado,"fecha_invalida,monto_invalido"
2198,10691,,389.29,Abierto,fecha_invalida
2199,2655,,9652.5,No especificado,fecha_invalida
2200,16302,,14998.98,No especificado,fecha_invalida
2201,5693,,,Rechazado,"fecha_invalida,monto_invalido"
2202,13509,,504.49,Cerrado,fecha_invalida
2203,15184,,13556.8,Abierto,fecha_invalida
2204,21082,,2865.43,Cerrado,fecha_invalida
2205,19380,,1115.6,Rechazado,fecha_invalida
2207,23522,,,No especificado,"fecha_invalida,monto_invalido"
2210,9364,,,Cerrado,"fecha_invalida,monto_invalido"
2211,24414,,,Rechazado,"fecha_invalida,monto_invalido"
2213,25745,,12529.36,Rechazado,fecha_invalida
2215,18283,,13042.84,No especificado,fecha_invalida
2216,3983,,2450.01,Cerrado,fecha_invalida
2217,13829,,1165.66,Abierto,fecha_invalida
2218,2121,,,No especificado,"fecha_invalida,monto_invalido"
2219,3863,,,No especificado,"fecha_invalida,monto_invalido"
2220,18997,,450.11,No especificado,fecha_invalida
2221,8239,,10385.04,No especificado,fecha_invalida
2223,19293,,,No especificado,"fecha_invalida,monto_invalido"
2224,848,,2662.33,Cerrado,fecha_invalida
2225,3253,,2803.56,Abierto,fecha_invalida
2227,3018,,,Cerrado,"fecha_invalida,monto_invalido"
2228,930,,4808.1,Abierto,fecha_invalida
2229,14124,,2738.54,Abierto,fecha_invalida
2230,546,,5998.62,Abierto,fecha_invalida
2231,22059,,1229.16,Cerrado,fecha_invalida
2233,15101,,,Cerrado,"fecha_invalida,monto_invalido"
2234,14868,,8850.48,Cerrado,fecha_invalida
2235,14259,,3508.83,Rechazado,fecha_invalida
2236,10881,,2672.13,Cerrado,fecha_invalida
2237,22146,,4335.72,Cerrado,fecha_invalida
2238,211,,7508.73,Abierto,fecha_invalida
2240,7847,,,No especificado,"fecha_invalida,monto_invalido"
2241,10744,,,No especificado,"fecha_invalida,monto_invalido"
2243,14886,,8087.14,No especificado,fecha_invalida
2244,22956,,,Abierto,"fecha_invalida,monto_invalido"
2246,2942,,7651.83,Abierto,fecha_invalida
2248,616,,,No especificado,"fecha_invalida,monto_invalido"
2249,16571,,,Cerrado,"fecha_invalida,monto_invalido"
2250,653,,14823.61,Abierto,fecha_invalida
2251,9394,,14714.55,Abierto,fecha_invalida
2252,10643,,5223.28,Abierto,fecha_invalida
2253,2695,,12110.89,No especificado,fecha_invalida
2254,10324,,,Rechazado,"fecha_invalida,monto_invalido"
2255,12512,,,Abierto,"fecha_invalida,monto_invalido"
2258,2702,,6564.88,Cerrado,fecha_invalida
2259,8275,,4289.11,Rechazado,fecha_invalida
2260,294,,1995.7,Abierto,fecha_invalida
2263,16248,,2521.11,No especificado,fecha_invalida
2264,383,,2899.03,Abierto,fecha_invalida
2265,21457,2025-11-14,,Abierto,monto_invalido
2267,20025,2025-08-23,,Abierto,monto_invalido
2268,17149,,3428.9,Cerrado,fecha_invalida
2269,11994,,,Rechazado,"fecha_invalida,monto_invalido"
2270,5262,,2698.98,No especificado,fecha_invalida
2271,12807,2026-01-04,,Abierto,monto_invalido
2272,25669,,14217.5,No especificado,fecha_invalida
2273,19646,,3432.68,No especificado,fecha_invalida
2274,10568,,415.17,Abierto,fecha_invalida
2275,14372,,9050.27,Abierto,fecha_invalida
2277,16369,,11396.17,Cerrado,fecha_invalida
2278,778,,,Abierto,"fecha_invalida,monto_invalido"
2280,24625,,10280.03,Rechazado,fecha_invalida
2281,9844,,,Cerrado,"fecha_invalida,monto_invalido"
2282,3087,,8941.56,No especificado,fecha_invalida
2283,23563,,11492.11,Rechazado,fecha_invalida
2284,1716,,547.95,Abierto,fecha_invalida
2285,9182,,10202.88,Cerrado,fecha_invalida
2286,629,,,Rechazado,"fecha_invalida,monto_invalido"
2287,21733,,8114.46,Cerrado,fecha_invalida
2288,14167,,14910.27,Cerrado,fecha_invalida
2290,25693,,11619.68,Abierto,fecha_invalida
2292,9566,,14828.44,No especificado,fecha_invalida
2293,11540,,12845.16,No especificado,fecha_invalida
2294,3290,,10223.01,No especificado,fecha_invalida
2295,22502,,3581.7,Abierto,fecha_invalida
2296,10408,,,Cerrado,"fecha_invalida,monto_invalido"
2297,11624,,,No especificado,"fecha_invalida,monto_invalido"
2299,856,,14863.37,No especificado,fecha_invalida
2300,9130,,13014.92,Abierto,fecha_invalida
2301,19172,2025-12-26,,Cerrado,monto_invalido
2302,25535,2025-04-22,,Cerrado,monto_invalido
2303,15169,,,Cerrado,"fecha_invalida,monto_invalido"
2305,20381,,-7976.14,Cerrado,fecha_invalida
2306,511,,13692.83,No especificado,fecha_invalida
2308,6162,,,Abierto,"fecha_invalida,monto_invalido"
2309,19908,,6094.35,Cerrado,fecha_invalida
2310,7070,,14806.7,Cerrado,fecha_invalida
2311,7071,,6691.02,No especificado,fecha_invalida
2312,8906,,4111.13,No especificado,fecha_invalida
2314,207,,7575.95,Abierto,fecha_invalida
2315,9092,,11258.09,Cerrado,fecha_invalida
2316,19617,,4975.98,Abierto,fecha_invalida
2317,18281,,11155.12,Rechazado,fecha_invalida
2318,19853,,2723.1,Cerrado,fecha_invalida
2319,20905,,13151.98,Cerrado,fecha_invalida
2320,8405,,4382.48,Abierto,fecha_invalida
2321,15504,,,Abierto,"fecha_invalida,monto_invalido"
2322,9238,,12773.61,Cerrado,fecha_invalida
2323,20339,,754.59,Cerrado,fecha_invalida
2324,6083,,3266.86,Abierto,fecha_invalida
2325,13683,,8621.92,No especificado,fecha_invalida
2327,22263,,800.4,Cerrado,fecha_invalida
2328,22652,,11791.18,No especificado,fecha_invalida
2329,15796,,4628.55,Cerrado,fecha_invalida
2332,15055,,2269.28,Abierto,fecha_invalida
2333,17559,,10801.93,Abierto,fecha_invalida
2336,9318,,,Abierto,"fecha_invalida,monto_invalido"
2337,16616,,10442.64,Abierto,fecha_invalida
2338,21892,,7190.29,Cerrado,fecha_invalida
2339,10117,,7948.35,Cerrado,fecha_invalida
2342,24584,,3824.21,No especificado,fecha_invalida
2343,4136,,9744.21,Rechazado,fecha_invalida
2344,12338,,9750.47,Rechazado,fecha_invalida
2345,13756,,2297.97,Cerrado,fecha_invalida
2346,21253,,,No especificado,"fecha_invalida,monto_invalido"
2347,12776,,10654.25,Cerrado,fecha_invalida
2348,3930,,11604.19,Cerrado,fecha_invalida
2349,760,,7023.3,Abierto,fecha_invalida
2350,15335,,12966.01,Abierto,fecha_invalida
2351,22211,,13086.1,No especificado,fecha_invalida
2352,20711,,,No especificado,"fecha_invalida,monto_invalido"
2353,858,,9445.29,No especificado,fecha_invalida
2354,6864,,11051.5,No especificado,fecha_invalida
2356,20455,,,Abierto,"fecha_invalida,monto_invalido"
2357,1653,,6707.44,No especificado,fecha_invalida
2359,2943,,783.16,No especificado,fecha_invalida
2360,3942,,,Rechazado,"fecha_invalida,monto_invalido"
2362,18186,,8438.91,Cerrado,fecha_invalida
2363,2737,,6884.27,No especificado,fecha_invalida
2364,25845,,1695.06,No especificado,fecha_invalida
2365,21121,,12774.65,No especificado,fecha_invalida
2366,10170,,3414.4,Cerrado,fecha_invalida
2367,19568,,,Cerrado,"fecha_invalida,monto_invalido"
2368,22622,,348.66,No especificado,fecha_invalida
2369,11403,,,No especificado,"fecha_invalida,monto_invalido"
2370,22837,,5945.36,Cerrado,fecha_invalida
2372,18743,,,No especificado,"fecha_invalida,monto_invalido"
2373,9302,,,No especificado,"fecha_invalida,monto_invalido"
2376,10835,,14972.28,Cerrado,fecha_invalida
2377,8758,,,No especificado,"fecha_invalida,monto_invalido"
2378,5878,,12931.4,Abierto,fecha_invalida
2379,13852,,6190.29,No especificado,fecha_invalida
2380,17263,,1154.63,Rechazado,fecha_invalida
2381,14036,,2500.27,Cerrado,fecha_invalida
2382,15145,,314.53,Cerrado,fecha_invalida
2383,15691,,,No especificado,"fecha_invalida,monto_invalido"
2385,22112,2025-04-14,,Abierto,monto_invalido
2386,5906,,9787.74,Cerrado,fecha_invalida
2387,24065,,3308.24,Cerrado,fecha_invalida
2388,23027,,14809.5,Rechazado,fecha_invalida
2389,5149,,10375.18,Cerrado,fecha_invalida
2390,8027,,1121.61,No especificado,fecha_invalida
2391,24460,,11725.19,Abierto,fecha_invalida
2392,17405,,,No especificado,"fecha_invalida,monto_invalido"
2393,22149,,2011.44,Cerrado,fecha_invalida
2394,1520,,,Cerrado,"fecha_invalida,monto_invalido"
2395,7209,,10200.89,Abierto,fecha_invalida
2396,7983,,5007.92,Abierto,fecha_invalida
2397,19783,,9790.53,Abierto,fecha_invalida
2398,17641,,7746.44,Abierto,fecha_invalida
2399,7193,,7164.56,Cerrado,fecha_invalida
2402,11266,,14169.91,No especificado,fecha_invalida
2404,21221,,14029.64,Cerrado,fecha_invalida
2406,15740,,4078.5,Abierto,fecha_invalida
2407,23995,,8050.4,Abierto,fecha_invalida
2408,755,,4836.65,No especificado,fecha_invalida
2409,16622,2025-10-28,,Rechazado,monto_invalido
2410,15022,,6031.84,No especificado,fecha_invalida
2411,24991,,7262.04,Cerrado,fecha_invalida
2412,19992,,6406.63,Cerrado,fecha_invalida
2413,23012,,9061.78,Abierto,fecha_invalida
2414,1517,,6475.06,Cerrado,fecha_invalida
2415,66,,11755.35,Abierto,fecha_invalida
2416,1078,,5459.25,Rechazado,fecha_invalida
2418,16583,,8894.8,No especificado,fecha_invalida
2419,1101,,9171.26,No especificado,fecha_invalida
2421,7308,,,Abierto,"fecha_invalida,monto_invalido"
2422,24746,,2522.97,Abierto,fecha_invalida
2423,5465,,8224.28,No especificado,fecha_invalida
2425,24214,,4013.87,Abierto,fecha_invalida
2426,10280,,6207.54,Rechazado,fecha_invalida
2427,251,,,No especificado,"fecha_invalida,monto_invalido"
2429,5224,,378.08,Cerrado,fecha_invalida
2430,25623,,,No especificado,"fecha_invalida,monto_invalido"
2432,18771,,2017.43,Abierto,fecha_invalida
2434,20992,,,Cerrado,"fecha_invalida,monto_invalido"
2435,7115,,7962.69,Abierto,fecha_invalida
2436,15786,,,Rechazado,"fecha_invalida,monto_invalido"
2438,20113,,9676.33,Abierto,fecha_invalida
2439,13895,,,Abierto,"fecha_invalida,monto_invalido"
2440,3564,,,Cerrado,"fecha_invalida,monto_invalido"
2441,62,,1496.63,Abierto,fecha_invalida
2442,20778,,5879.43,Rechazado,fecha_invalida
2443,2790,,,Rechazado,"fecha_invalida,monto_invalido"
2446,1205,,1763.15,Abierto,fecha_invalida
2447,8840,,,No especificado,"fecha_invalida,monto_invalido"
2448,17507,,,No especificado,"fecha_invalida,monto_invalido"
2449,23007,,9358.52,No especificado,fecha_invalida
2450,17533,,,Cerrado,"fecha_invalida,monto_invalido"
2451,14441,,,No especificado,"fecha_invalida,monto_invalido"
2452,4667,,1727.42,Cerrado,fecha_invalida
2454,315,,2706.62,No especificado,fecha_invalida
2455,6226,,11691.36,No especificado,fecha_invalida
2456,22714,,4929.6,Abierto,fecha_invalida
2457,19031,,6583.55,Abierto,fecha_invalida
2458,12074,,14637.58,Cerrado,fecha_invalida
2459,6830,,6391.22,Cerrado,fecha_invalida
2460,9157,,2841.38,Cerrado,fecha_invalida
2461,4460,2025-08-28,,No especificado,monto_invalido
2462,23286,,12421.35,Cerrado,fecha_invalida
2463,19863,,14915.78,Abierto,fecha_invalida
2464,4246,,,No especificado,"fecha_invalida,monto_invalido"
2467,24047,,831.44,No especificado,fecha_invalida
2468,1404,,4198.56,Abierto,fecha_invalida
2469,18400,,10605.84,Rechazado,fecha_invalida
2470,19870,2026-02-24,,Abierto,monto_invalido
2471,15609,,,No especificado,"fecha_invalida,monto_invalido"
2472,16259,,6838.86,Abierto,fecha_invalida
2473,4813,,1377.24,Cerrado,fecha_invalida
2474,6772,,,Abierto,"fecha_invalida,monto_invalido"
2476,12085,,1118.13,Rechazado,fecha_invalida
2477,25843,,7696.83,Rechazado,fecha_invalida
2479,13560,,2479.3,Abierto,fecha_invalida
2480,14866,,13497.18,No especificado,fecha_invalida
2481,7016,2025-08-04,,No especificado,monto_invalido
2482,1019,,5005.97,Abierto,fecha_invalida
2483,9149,,,Cerrado,"fecha_invalida,monto_invalido"
2484,17787,,6775.93,Cerrado,fecha_invalida
2485,3199,,10352.24,Abierto,fecha_invalida
2486,19872,,7863.24,Cerrado,fecha_invalida
2487,10983,,,No especificado,"fecha_invalida,monto_invalido"
2488,10412,,3906.19,Cerrado,fecha_invalida
2489,6196,,9984.93,Abierto,fecha_invalida
2490,12511,,12044.17,Abierto,fecha_invalida
2491,8021,,2814.81,Rechazado,fecha_invalida
2493,25631,,3723.53,Cerrado,fecha_invalida
2494,889,,13998.03,Cerrado,fecha_invalida
2495,23605,,,No especificado,"fecha_invalida,monto_invalido"
2496,17445,,7228.95,Abierto,fecha_invalida
2497,23720,,10606.96,Abierto,fecha_invalida
2499,20298,,10616.77,Rechazado,fecha_invalida
2500,5749,,,No especificado,"fecha_invalida,monto_invalido"
2501,6007,,11464.16,No especificado,fecha_invalida
2503,23867,,8508.74,Abierto,fecha_invalida
2504,24756,2025-11-25,,No especificado,monto_invalido
2505,11966,,9243.01,No especificado,fecha_invalida
2506,13946,,8459.98,Cerrado,fecha_invalida
2507,15444,,9150.34,Abierto,fecha_invalida
2508,1754,,7770.4,No especificado,fecha_invalida
2510,8058,,,Cerrado,"fecha_invalida,monto_invalido"
2511,12809,,,Cerrado,"fecha_invalida,monto_invalido"
2512,2582,,12624.08,Rechazado,fecha_invalida
2513,2898,,10512.5,Cerrado,fecha_invalida
2514,22830,,1219.12,No especificado,fecha_invalida
2515,21053,,13040.7,Rechazado,fecha_invalida
2516,17054,,11613.93,Abierto,fecha_invalida
2517,16849,,12403.79,Cerrado,fecha_invalida
2518,22891,,11735.78,Cerrado,fecha_invalida
2519,5197,,753.72,No especificado,fecha_invalida
2520,5030,,,Rechazado,"fecha_invalida,monto_invalido"
2521,10837,,9625.32,Cerrado,fecha_invalida
2522,20072,,1244.65,Abierto,fecha_invalida
2523,14211,,1603.59,Abierto,fecha_invalida
2524,9396,,,Cerrado,"fecha_invalida,monto_invalido"
2525,22041,,807.52,Abierto,fecha_invalida
2526,5668,,11057.31,Cerrado,fecha_invalida
2527,13738,,1115.29,No especificado,fecha_invalida
2528,19429,,,Rechazado,"fecha_invalida,monto_invalido"
2529,14439,,5690.29,Cerrado,fecha_invalida
2530,22448,,7889.28,No especificado,fecha_invalida
2531,4616,,3980.52,Abierto,fecha_invalida
2532,4821,,10235.17,Cerrado,fecha_invalida
2533,5249,,,Rechazado,"fecha_invalida,monto_invalido"
2534,9782,,6497.59,Rechazado,fecha_invalida
2535,23657,,,Cerrado,"fecha_invalida,monto_invalido"
2536,9797,,,Rechazado,"fecha_invalida,monto_invalido"
2537,18813,,3629.23,Abierto,fecha_invalida
2538,22630,,2396.34,No especificado,fecha_invalida
2539,17283,,1791.99,Abierto,fecha_invalida
2541,20512,,,Abierto,"fecha_invalida,monto_invalido"
2542,1412,,11563.62,No especificado,fecha_invalida
2543,22880,,10823.73,No especificado,fecha_invalida
2545,13230,,9721.53,No especificado,fecha_invalida
2546,25524,,9916.53,Rechazado,fecha_invalida
2547,17298,,,No especificado,"fecha_invalida,monto_invalido"
2548,22829,,1392.67,Abierto,fecha_invalida
2549,16301,2025-03-22,,Cerrado,monto_invalido
2550,86,,5495.7,Rechazado,fecha_invalida
2551,16156,2026-02-25,,Rechazado,monto_invalido
2552,23364,,,No especificado,"fecha_invalida,monto_invalido"
2555,8628,,7297.62,Rechazado,fecha_invalida
2556,17301,,,Abierto,"fecha_invalida,monto_invalido"
2557,17296,,,No especificado,"fecha_invalida,monto_invalido"
2558,16379,,11100.12,No especificado,fecha_invalida
2559,18887,,8398.33,No especificado,fecha_invalida
2560,18321,,1448.29,Cerrado,fecha_invalida
2563,24054,,2654.93,Abierto,fecha_invalida
2564,12314,,,No especificado,"fecha_invalida,monto_invalido"
2565,24718,,6620.36,Abierto,fecha_invalida
2566,17391,,5603.71,Cerrado,fecha_invalida
2567,3813,,1283.38,Abierto,fecha_invalida
2568,12798,,11140.05,Abierto,fecha_invalida
2569,3583,,13166.5,Cerrado,fecha_invalida
2570,9855,,8780.44,Abierto,fecha_invalida
2571,16206,,10234.5,Cerrado,fecha_invalida
2573,20514,,1591.64,Abierto,fecha_invalida
2574,15439,,13120.29,No especificado,fecha_invalida
2576,6446,,7607.2,No especificado,fecha_invalida
2578,6675,,9976.23,No especificado,fecha_invalida
2580,18166,,2887.95,No especificado,fecha_invalida
2581,5281,,6940.65,Rechazado,fecha_invalida
2582,16327,,4695.67,No especificado,fecha_invalida
2583,14143,,14328.3,Rechazado,fecha_invalida
2584,6461,,411.68,Cerrado,fecha_invalida
2585,2781,,10411.97,Rechazado,fecha_invalida
2586,9030,,5274.13,Abierto,fecha_invalida
2587,5662,,9964.12,Cerrado,fecha_invalida
2588,15629,,5954.59,Abierto,fecha_invalida
2589,21439,,3914.89,Abierto,fecha_invalida
2590,22053,2025-02-22,,Cerrado,monto_invalido
2591,4169,,6544.84,Rechazado,fecha_invalida
2592,11432,2025-11-26,,Abierto,monto_invalido
2593,19194,,3940.57,Cerrado,fecha_invalida
2594,4513,,,No especificado,"fecha_invalida,monto_invalido"
2595,16763,,10669.23,Rechazado,fecha_invalida
2596,6376,,,Abierto,"fecha_invalida,monto_invalido"
2599,18113,,,Abierto,"fecha_invalida,monto_invalido"
2600,20957,,10123.18,Abierto,fecha_invalida
2601,24572,,10176.73,Rechazado,fecha_invalida
2602,23523,,6185.32,Cerrado,fecha_invalida
2603,24345,,,Rechazado,"fecha_invalida,monto_invalido"
2604,7534,,11023.02,Cerrado,fecha_invalida
2605,15134,,222.15,Rechazado,fecha_invalida
2606,16807,,,No especificado,"fecha_invalida,monto_invalido"
2607,16301,,9987.67,Rechazado,fecha_invalida
2608,24962,,,Rechazado,"fecha_invalida,monto_invalido"
2609,914,,13167.53,Abierto,fecha_invalida
2611,14488,,9018.59,Cerrado,fecha_invalida
2613,10242,,,Abierto,"fecha_invalida,monto_invalido"
2614,6458,2025-03-25,,No especificado,monto_invalido
2615,12697,,12546.7,Abierto,fecha_invalida
2616,22526,,13748.22,Abierto,fecha_invalida
2617,4353,,6837.77,Cerrado,fecha_invalida
2618,14894,,1306.0,Abierto,fecha_invalida
2619,12728,,14464.0,Abierto,fecha_invalida
2620,23160,,10076.56,Cerrado,fecha_invalida
2621,1926,,,Cerrado,"fecha_invalida,monto_invalido"
2622,15593,,5375.27,Rechazado,fecha_invalida
2623,1218,,10111.64,No especificado,fecha_invalida
2625,25793,,,Abierto,"fecha_invalida,monto_invalido"
2626,9301,,307.54,Abierto,fecha_invalida
2627,19274,,14461.71,Abierto,fecha_invalida
2629,5576,,9657.06,Rechazado,fecha_invalida
2630,10029,,4951.88,Rechazado,fecha_invalida
2631,12557,,,Abierto,"fecha_invalida,monto_invalido"
2633,16446,,10733.48,Rechazado,fecha_invalida
2634,11812,,10408.69,Cerrado,fecha_invalida
2635,7112,,11347.53,No especificado,fecha_invalida
2636,21703,,1953.67,Cerrado,fecha_invalida
2637,10785,,,Rechazado,"fecha_invalida,monto_invalido"
2638,18370,,,Rechazado,"fecha_invalida,monto_invalido"
2639,10635,2025-11-10,,Cerrado,monto_invalido
2640,13885,,10216.57,Abierto,fecha_invalida
2642,19897,,13176.79,Rechazado,fecha_invalida
2643,17912,,,Cerrado,"fecha_invalida,monto_invalido"
2644,12599,,5703.66,Abierto,fecha_invalida
2645,16830,,6223.4,No especificado,fecha_invalida
2646,22279,,1765.92,Abierto,fecha_invalida
2647,7171,2025-05-23,,No especificado,monto_invalido
2648,23393,,,Abierto,"fecha_invalida,monto_invalido"
2650,13756,,6061.83,Rechazado,fecha_invalida
2651,19656,,6183.3,Cerrado,fecha_invalida
2653,4746,,14807.91,No especificado,fecha_invalida
2654,13708,,3422.98,Rechazado,fecha_invalida
2655,9985,,11376.6,Abierto,fecha_invalida
2656,14648,,12312.79,No especificado,fecha_invalida
2657,19985,,4503.99,Rechazado,fecha_invalida
2658,20297,2025-08-06,,Rechazado,monto_invalido
2659,19487,,3415.76,Abierto,fecha_invalida
2661,16937,,4789.15,No especificado,fecha_invalida
2662,110,,7585.26,No especificado,fecha_invalida
2663,17065,,5830.42,Abierto,fecha_invalida
2664,5812,,8775.38,No especificado,fecha_invalida
2665,15065,,6818.61,Abierto,fecha_invalida
2666,5917,,8244.58,No especificado,fecha_invalida
2667,8898,,,Abierto,"fecha_invalida,monto_invalido"
2668,4259,,,No especificado,"fecha_invalida,monto_invalido"
2669,21067,,1550.15,Abierto,fecha_invalida
2670,18126,,,Abierto,"fecha_invalida,monto_invalido"
2671,21543,,5469.67,Rechazado,fecha_invalida
2672,21518,,,Cerrado,"fecha_invalida,monto_invalido"
2673,17087,,8473.15,Abierto,fecha_invalida
2674,6936,2025-09-03,,Cerrado,monto_invalido
2675,6679,,11244.27,Rechazado,fecha_invalida
2676,9465,,,No especificado,"fecha_invalida,monto_invalido"
2680,10216,,4371.25,Abierto,fecha_invalida
2681,22253,,6260.46,Rechazado,fecha_invalida
2682,22686,,14097.6,Abierto,fecha_invalida
2683,18022,,888.85,Rechazado,fecha_invalida
2684,2035,,14224.34,Abierto,fecha_invalida
2685,17869,,,No especificado,"fecha_invalida,monto_invalido"
2686,17800,,2919.83,Abierto,fecha_invalida
2687,15219,,6633.4,Cerrado,fecha_invalida
2688,24940,,2007.12,Rechazado,fecha_invalida
2689,12784,,5106.27,Rechazado,fecha_invalida
2690,7119,,14691.01,Cerrado,fecha_invalida
2691,4210,,,Cerrado,"fecha_invalida,monto_invalido"
2693,11461,,6798.23,No especificado,fecha_invalida
2695,20942,,3266.72,Abierto,fecha_invalida
2696,9958,,9380.27,Cerrado,fecha_invalida
2697,17948,,,Cerrado,"fecha_invalida,monto_invalido"
2698,19171,,,Abierto,"fecha_invalida,monto_invalido"
2699,21376,,14533.7,Abierto,fecha_invalida
2700,1817,,10007.1,Cerrado,fecha_invalida
2701,9991,,2232.89,Cerrado,fecha_invalida
2702,15743,,2937.96,Abierto,fecha_invalida
2703,16149,,9043.86,Cerrado,fecha_invalida
2704,13229,,13775.35,No especificado,fecha_invalida
2705,473,,5529.99,No especificado,fecha_invalida
2707,1634,,13069.67,Abierto,fecha_invalida
2708,5201,,7824.91,Abierto,fecha_invalida
2709,22974,,5812.14,No especificado,fecha_invalida
2710,24535,,13005.5,Cerrado,fecha_invalida
2711,11326,2025-08-26,,No especificado,monto_invalido
2712,7146,,,Cerrado,"fecha_invalida,monto_invalido"
2713,20217,,9352.75,Cerrado,fecha_invalida
2714,4219,,3662.93,Rechazado,fecha_invalida
2715,21859,,6946.34,No especificado,fecha_invalida
2717,3923,,13272.4,Abierto,fecha_invalida
2718,3050,,13921.16,Cerrado,fecha_invalida
2719,9902,,4313.86,Cerrado,fecha_invalida
2720,21872,,1489.52,Cerrado,fecha_invalida
2721,25827,,3974.66,No especificado,fecha_invalida
2722,16924,,11135.56,Abierto,fecha_invalida
2724,12571,,10055.25,Abierto,fecha_invalida
2726,24773,,,Rechazado,"fecha_invalida,monto_invalido"
2727,19671,,7408.48,No especificado,fecha_invalida
2728,11066,,8560.45,No especificado,fecha_invalida
2730,14876,,8413.84,Abierto,fecha_invalida
2731,11494,,8992.95,Cerrado,fecha_invalida
2732,12528,,4193.95,Abierto,fecha_invalida
2733,15471,,14278.52,Abierto,fecha_invalida
2734,17927,,8800.86,Rechazado,fecha_invalida
2735,4113,,7650.93,Abierto,fecha_invalida
2736,14612,,12997.83,Cerrado,fecha_invalida
2737,9817,,10734.13,Rechazado,fecha_invalida
2738,4517,,12343.38,Abierto,fecha_invalida
2739,18975,,,No especificado,"fecha_invalida,monto_invalido"
2740,23124,,7290.4,No especificado,fecha_invalida
2741,5977,,12275.15,Cerrado,fecha_invalida
2742,13402,,11138.7,No especificado,fecha_invalida
2743,14085,,3815.91,No especificado,fecha_invalida
2744,22370,,1548.16,Cerrado,fecha_invalida
2745,2682,,4396.36,Abierto,fecha_invalida
2746,9815,,2709.74,No especificado,fecha_invalida
2747,22399,,8613.37,No especificado,fecha_invalida
2748,21786,2025-07-22,,No especificado,monto_invalido
2749,1994,,,Cerrado,"fecha_invalida,monto_invalido"
2750,9083,,2571.48,No especificado,fecha_invalida
2752,15101,,7449.26,No especificado,fecha_invalida
2753,6339,,10976.53,No especificado,fecha_invalida
2755,15788,,4342.47,No especificado,fecha_invalida
2756,7666,,11178.38,No especificado,fecha_invalida
2757,8196,,3554.3,Abierto,fecha_invalida
2758,10497,,5861.9,No especificado,fecha_invalida
2759,9301,,4910.89,Cerrado,fecha_invalida
2760,9586,2025-01-09,,No especificado,monto_invalido
2762,9000,,,Cerrado,"fecha_invalida,monto_invalido"
2763,881,,,No especificado,"fecha_invalida,monto_invalido"
2764,21123,,12685.24,Rechazado,fecha_invalida
2765,237,,8540.34,Abierto,fecha_invalida
2767,18246,,6788.97,No especificado,fecha_invalida
2768,9937,,8202.64,Cerrado,fecha_invalida
2769,10769,,,Abierto,"fecha_invalida,monto_invalido"
2770,13644,,7093.73,Abierto,fecha_invalida
2772,11406,,2474.26,Cerrado,fecha_invalida
2773,2141,,8374.44,Abierto,fecha_invalida
2774,16350,,12777.51,Cerrado,fecha_invalida
2775,25602,2025-10-22,,Abierto,monto_invalido
2776,5411,,8498.8,Cerrado,fecha_invalida
2777,18263,,11336.92,Rechazado,fecha_invalida
2778,11617,,7183.61,Cerrado,fecha_invalida
2779,14454,,,Rechazado,"fecha_invalida,monto_invalido"
2780,24872,,11855.37,No especificado,fecha_invalida
2781,704,,4044.31,No especificado,fecha_invalida
2782,14875,,,Abierto,"fecha_invalida,monto_invalido"
2783,14873,,2648.03,No especificado,fecha_invalida
2784,2412,,,Cerrado,"fecha_invalida,monto_invalido"
2785,14123,,1191.37,Abierto,fecha_invalida
2787,24995,,11494.35,Abierto,fecha_invalida
2788,21999,,3158.3,No especificado,fecha_invalida
2789,20510,,10545.32,Abierto,fecha_invalida
2790,18444,,5291.0,Abierto,fecha_invalida
2792,15690,,3504.74,No especificado,fecha_invalida
2793,6672,,11673.0,Cerrado,fecha_invalida
2796,15113,,10901.92,No especificado,fecha_invalida
2797,15729,,14566.29,Abierto,fecha_invalida
2798,10823,2025-05-21,,No especificado,monto_invalido
2799,21633,,3559.12,Abierto,fecha_invalida
2800,11769,,5208.55,No especificado,fecha_invalida
2801,2395,,4172.19,No especificado,fecha_invalida
2802,13729,,11378.35,Abierto,fecha_invalida
2803,17397,,14974.86,No especificado,fecha_invalida
2804,16275,,7833.4,Abierto,fecha_invalida
2807,2759,,13770.32,No especificado,fecha_invalida
2808,18360,,4078.64,Abierto,fecha_invalida
2809,21370,,4490.69,No especificado,fecha_invalida
2810,7706,,12173.5,No especificado,fecha_invalida
2811,13532,,9758.93,Abierto,fecha_invalida
2812,543,,10867.06,Cerrado,fecha_invalida
2813,4551,,1107.57,Cerrado,fecha_invalida
2814,9526,,,Abierto,"fecha_invalida,monto_invalido"
2815,18201,,3283.44,Cerrado,fecha_invalida
2816,23903,,5964.03,Cerrado,fecha_invalida
2817,23212,,12828.57,No especificado,fecha_invalida
2818,14166,,,No especificado,"fecha_invalida,monto_invalido"
2819,25790,,7310.47,Abierto,fecha_invalida
2820,23995,,2007.68,Abierto,fecha_invalida
2821,15615,,,Abierto,"fecha_invalida,monto_invalido"
2822,14176,,298.61,Abierto,fecha_invalida
2823,6909,,,No especificado,"fecha_invalida,monto_invalido"
2824,821,2025-05-16,,Cerrado,monto_invalido
2825,25802,,314.28,Abierto,fecha_invalida
2826,5623,,,No especificado,"fecha_invalida,monto_invalido"
2827,5429,,8687.2,Rechazado,fecha_invalida
2828,22088,,8346.67,Abierto,fecha_invalida
2829,16844,,6360.61,Cerrado,fecha_invalida
2831,19553,,5951.97,No especificado,fecha_invalida
2832,18803,2025-06-07,,Abierto,monto_invalido
2833,15492,,2130.29,Cerrado,fecha_invalida
2834,20538,,1515.17,No especificado,fecha_invalida
2835,19275,,11383.22,Abierto,fecha_invalida
2836,2796,,1754.75,Rechazado,fecha_invalida
2837,22851,,13988.02,No especificado,fecha_invalida
2838,2989,,4393.15,No especificado,fecha_invalida
2839,22552,,14566.42,Cerrado,fecha_invalida
2840,10804,,3909.96,Cerrado,fecha_invalida
2841,5596,,12618.66,No especificado,fecha_invalida
2842,1771,,2688.41,Rechazado,fecha_invalida
2844,14355,,5319.88,Rechazado,fecha_invalida
2845,2299,,4403.56,Abierto,fecha_invalida
2846,17957,,10771.75,Rechazado,fecha_invalida
2849,3449,,13727.13,Cerrado,fecha_invalida
2850,8386,,,Rechazado,"fecha_invalida,monto_invalido"
2852,1244,,1816.17,No especificado,fecha_invalida
2853,4458,,,No especificado,"fecha_invalida,monto_invalido"
2854,88,,2496.99,Cerrado,fecha_invalida
2855,18077,,5377.4,No especificado,fecha_invalida
2856,5605,,1844.53,Cerrado,fecha_invalida
2857,10957,,,Cerrado,"fecha_invalida,monto_invalido"
2858,4304,,9108.2,Abierto,fecha_invalida
2859,6903,,9188.95,Rechazado,fecha_invalida
2861,10194,,,Cerrado,"fecha_invalida,monto_invalido"
2863,16662,,,Cerrado,"fecha_invalida,monto_invalido"
2864,149,,8755.4,No especificado,fecha_invalida
2865,17587,,-3183.57,No especificado,fecha_invalida
2866,24462,,6945.15,Abierto,fecha_invalida
2867,20929,,8919.56,No especificado,fecha_invalida
2868,10233,,3149.29,Cerrado,fecha_invalida
2869,22426,,8266.28,Abierto,fecha_invalida
2870,19057,,5475.6,No especificado,fecha_invalida
2871,17340,,9846.09,Rechazado,fecha_invalida
2874,3553,,8471.81,No especificado,fecha_invalida
2875,7102,,,Rechazado,"fecha_invalida,monto_invalido"
2876,22276,,5568.47,No especificado,fecha_invalida
2878,1667,,3822.2,Abierto,fecha_invalida
2879,4472,,,No especificado,"fecha_invalida,monto_invalido"
2880,12403,,,No especificado,"fecha_invalida,monto_invalido"
2882,13898,2025-06-28,,No especificado,monto_invalido
2883,22481,2025-03-30,,Cerrado,monto_invalido
2884,9447,,4885.83,Cerrado,fecha_invalida
2885,25626,,13446.77,Abierto,fecha_invalida
2886,15422,,8162.41,Cerrado,fecha_invalida
2887,15678,,,Cerrado,"fecha_invalida,monto_invalido"
2888,19610,,12786.66,Abierto,fecha_invalida
2889,119,,4034.21,Abierto,fecha_invalida
2891,9020,2025-12-31,,No especificado,monto_invalido
2892,20091,,12359.38,No especificado,fecha_invalida
2893,20889,,,No especificado,"fecha_invalida,monto_invalido"
2894,6093,,,Rechazado,"fecha_invalida,monto_invalido"
2895,21752,,,Cerrado,"fecha_invalida,monto_invalido"
2896,8317,,8447.44,No especificado,fecha_invalida
2897,23043,,4398.04,Abierto,fecha_invalida
2898,2509,,5795.51,Abierto,fecha_invalida
2900,15659,,9304.79,Abierto,fecha_invalida
2901,12137,,2466.03,No especificado,fecha_invalida
2902,3779,,11354.33,Cerrado,fecha_invalida
2903,9815,,3103.24,Rechazado,fecha_invalida
2904,2061,,678.66,No especificado,fecha_invalida
2905,7703,,1220.76,Abierto,fecha_invalida
2906,765,,,Rechazado,"fecha_invalida,monto_invalido"
2907,906,,10151.8,Abierto,fecha_invalida
2908,10500,,14002.0,No especificado,fecha_invalida
2909,13727,,14365.5,No especificado,fecha_invalida
2911,20021,,,Cerrado,"fecha_invalida,monto_invalido"
2912,9939,,-3369.0,No especificado,fecha_invalida
2913,24973,,5350.97,Rechazado,fecha_invalida
2915,18974,,4234.9,Cerrado,fecha_invalida
2916,3435,,,Rechazado,"fecha_invalida,monto_invalido"
2917,10227,,14318.74,Cerrado,fecha_invalida
2918,1151,,,Abierto,"fecha_invalida,monto_invalido"
2919,14747,,,Rechazado,"fecha_invalida,monto_invalido"
2920,15601,,7539.48,Abierto,fecha_invalida
2921,8024,,,Abierto,"fecha_invalida,monto_invalido"
2922,13360,,568.96,Abierto,fecha_invalida
2923,12812,,9303.42,No especificado,fecha_invalida
2924,24782,,4887.26,Cerrado,fecha_invalida
2925,19897,,,Cerrado,"fecha_invalida,monto_invalido"
2926,12223,,127.29,Cerrado,fecha_invalida
2927,4153,,10642.29,Abierto,fecha_invalida
2928,7039,,,No especificado,"fecha_invalida,monto_invalido"
2929,16454,,8410.75,Rechazado,fecha_invalida
2930,12839,,6298.0,No especificado,fecha_invalida
2931,14029,,13356.62,Rechazado,fecha_invalida
2933,314,,5243.31,Abierto,fecha_invalida
2934,4576,,4394.39,Cerrado,fecha_invalida
2935,22511,,,Abierto,"fecha_invalida,monto_invalido"
2937,15378,,,Cerrado,"fecha_invalida,monto_invalido"
2938,10709,,3219.37,Abierto,fecha_invalida
2939,11677,,,Abierto,"fecha_invalida,monto_invalido"
2940,17688,,12974.77,Rechazado,fecha_invalida
2941,14196,,10900.06,No especificado,fecha_invalida
2943,213,,8998.13,No especificado,fecha_invalida
2944,12461,,8541.69,Abierto,fecha_invalida
2945,20203,,884.96,No especificado,fecha_invalida
2946,6535,,14195.58,Rechazado,fecha_invalida
2950,3978,,14099.5,Abierto,fecha_invalida
2951,24089,,10153.4,No especificado,fecha_invalida
2952,8819,,1140.52,Cerrado,fecha_invalida
2953,22103,,8062.92,Cerrado,fecha_invalida
2954,1306,,6575.93,Cerrado,fecha_invalida
2955,5495,,9185.61,Rechazado,fecha_invalida
2956,21726,,7418.86,Rechazado,fecha_invalida
2957,17879,,1289.99,No especificado,fecha_invalida
2959,3668,,7249.68,Abierto,fecha_invalida
2960,17917,,8169.85,Cerrado,fecha_invalida
2961,21717,2025-08-17,,Abierto,monto_invalido
2963,5414,,13880.78,Abierto,fecha_invalida
2965,17469,,5909.33,Cerrado,fecha_invalida
2966,8528,,3333.03,Cerrado,fecha_invalida
2967,24571,,,Abierto,"fecha_invalida,monto_invalido"
2969,18377,,,No especificado,"fecha_invalida,monto_invalido"
2970,24501,,932.75,No especificado,fecha_invalida
2972,2163,,12609.59,Abierto,fecha_invalida
2973,5526,,10104.7,No especificado,fecha_invalida
2974,12947,,12578.78,Abierto,fecha_invalida
2977,3636,,3418.67,No especificado,fecha_invalida
2978,16002,,3912.96,Abierto,fecha_invalida
2979,22320,,13182.44,Cerrado,fecha_invalida
2981,4055,,,Abierto,"fecha_invalida,monto_invalido"
2984,23677,,11206.83,Abierto,fecha_invalida
2985,13199,,13342.63,Abierto,fecha_invalida
2986,9112,,862.45,Abierto,fecha_invalida
2987,12498,,6005.74,No especificado,fecha_invalida
2988,4087,,14177.32,Rechazado,fecha_invalida
2989,11057,,,Cerrado,"fecha_invalida,monto_invalido"
2990,755,,3204.48,No especificado,fecha_invalida
2992,13628,,10243.1,Abierto,fecha_invalida
2993,7625,,14655.52,No especificado,fecha_invalida
2994,16744,,618.19,Rechazado,fecha_invalida
2995,17011,,2541.96,Abierto,fecha_invalida
2996,2461,,854.8,No especificado,fecha_invalida
2998,1793,,6663.96,Cerrado,fecha_invalida
2999,23553,,9237.49,Cerrado,fecha_invalida
3000,8729,,8678.22,No especificado,fecha_invalida
3002,11675,,7552.22,No especificado,fecha_invalida
3003,15924,,3916.06,Cerrado,fecha_invalida
3004,16110,,14818.54,Abierto,fecha_invalida
3005,14268,,2811.2,Cerrado,fecha_invalida
3006,23138,,1236.29,Abierto,fecha_invalida
3007,22295,,,Abierto,"fecha_invalida,monto_invalido"
3008,18810,,,No especificado,"fecha_invalida,monto_invalido"
3009,23444,,706.51,No especificado,fecha_invalida
3010,25773,,12099.42,No especificado,fecha_invalida
3012,23196,2025-10-07,,Cerrado,monto_invalido
3013,10144,,214.39,Abierto,fecha_invalida
3015,13993,,3176.95,Cerrado,fecha_invalida
3016,1304,,2803.11,Rechazado,fecha_invalida
3017,23679,,6832.08,Abierto,fecha_invalida
3018,18302,2026-01-14,,Abierto,monto_invalido
3019,16196,,5676.5,Cerrado,fecha_invalida
3020,15920,,9639.36,No especificado,fecha_invalida
3022,14740,,125.04,No especificado,fecha_invalida
3023,14920,,13420.69,Cerrado,fecha_invalida
3024,18872,,7350.49,No especificado,fecha_invalida
3025,25862,,8251.99,Abierto,fecha_invalida
3026,6156,,11083.07,No especificado,fecha_invalida
3027,25899,,,Cerrado,"fecha_invalida,monto_invalido"
3029,6138,,,Cerrado,"fecha_invalida,monto_invalido"
3030,6637,,7434.46,No especificado,fecha_invalida
3031,23201,,6398.43,No especificado,fecha_invalida
3033,9852,,2884.45,No especificado,fecha_invalida
3034,25739,,13670.35,Rechazado,fecha_invalida
3035,327,,3037.69,Abierto,fecha_invalida
3036,9492,,11587.73,Rechazado,fecha_invalida
3037,17700,,7034.89,Abierto,fecha_invalida
3038,17850,,4320.6,Rechazado,fecha_invalida
3039,2259,,7423.49,Rechazado,fecha_invalida
3040,5798,,4691.08,Abierto,fecha_invalida
3041,13292,,10237.62,No especificado,fecha_invalida
3042,126,,11654.76,Abierto,fecha_invalida
3043,3099,,1910.39,Rechazado,fecha_invalida
3044,1888,,,Cerrado,"fecha_invalida,monto_invalido"
3046,7062,,5945.27,Cerrado,fecha_invalida
3047,18168,,294.48,Abierto,fecha_invalida
3048,498,,13171.6,Abierto,fecha_invalida
3049,23809,,4320.18,Cerrado,fecha_invalida
3050,18418,2025-03-14,,Rechazado,monto_invalido
3051,15387,,13708.19,Cerrado,fecha_invalida
3052,25650,,,Cerrado,"fecha_invalida,monto_invalido"
3054,20673,,4789.43,Rechazado,fecha_invalida
3055,13404,,9194.51,Cerrado,fecha_invalida
3056,24661,,,Abierto,"fecha_invalida,monto_invalido"
3057,24005,,,Abierto,"fecha_invalida,monto_invalido"
3058,13765,2026-01-15,,Cerrado,monto_invalido
3061,14526,,7375.21,Abierto,fecha_invalida
3062,24613,,,Abierto,"fecha_invalida,monto_invalido"
3063,5626,,909.39,Abierto,fecha_invalida
3064,8212,,,No especificado,"fecha_invalida,monto_invalido"
3065,9245,,,Rechazado,"fecha_invalida,monto_invalido"
3066,1126,,5440.37,Abierto,fecha_invalida
3067,19498,,980.04,Abierto,fecha_invalida
3068,23563,,7915.01,Abierto,fecha_invalida
3069,4622,,12237.77,No especificado,fecha_invalida
3070,1611,,13672.59,Cerrado,fecha_invalida
3071,443,,6934.85,Cerrado,fecha_invalida
3073,9590,,5305.12,No especificado,fecha_invalida
3074,11480,,4873.25,Abierto,fecha_invalida
3075,18513,,3915.77,Cerrado,fecha_invalida
3076,24191,,8959.6,No especificado,fecha_invalida
3077,22059,,13463.42,No especificado,fecha_invalida
3078,1803,,,Rechazado,"fecha_invalida,monto_invalido"
3080,24421,,,Rechazado,"fecha_invalida,monto_invalido"
3081,993,,14238.48,Abierto,fecha_invalida
3082,5250,2026-01-14,,No especificado,monto_invalido
3084,17071,,1133.04,No especificado,fecha_invalida
3085,3836,,13227.97,No especificado,fecha_invalida
3086,18709,,11486.64,Cerrado,fecha_invalida
3087,5203,,,Cerrado,"fecha_invalida,monto_invalido"
3088,12169,,5760.06,Abierto,fecha_invalida
3089,18790,,8755.02,Cerrado,fecha_invalida
3090,14253,,7168.08,Abierto,fecha_invalida
3091,9190,,6235.77,Cerrado,fecha_invalida
3092,1903,,,Cerrado,"fecha_invalida,monto_invalido"
3094,14655,,11257.16,Cerrado,fecha_invalida
3095,5434,,13336.74,Rechazado,fecha_invalida
3097,9107,,10013.9,Abierto,fecha_invalida
3098,11633,,,Abierto,"fecha_invalida,monto_invalido"
3099,3847,,,Cerrado,"fecha_invalida,monto_invalido"
3100,2389,,1788.99,Rechazado,fecha_invalida
3101,15691,,,Abierto,"fecha_invalida,monto_invalido"
3103,17124,,,Cerrado,"fecha_invalida,monto_invalido"
3104,24816,,,Cerrado,"fecha_invalida,monto_invalido"
3105,571,,12334.86,No especificado,fecha_invalida
3106,16288,,6767.62,No especificado,fecha_invalida
3107,4475,,9998.35,No especificado,fecha_invalida
3108,24061,,3966.29,No especificado,fecha_invalida
3109,17141,,4086.18,Abierto,fecha_invalida
3110,24551,,9050.9,No especificado,fecha_invalida
3112,11767,,,Rechazado,"fecha_invalida,monto_invalido"
3113,7580,,706.28,No especificado,fecha_invalida
3114,6905,,1323.2,Abierto,fecha_invalida
3115,14045,,5067.28,No especificado,fecha_invalida
3116,3172,,,No especificado,"fecha_invalida,monto_invalido"
3118,13237,,1343.83,Cerrado,fecha_invalida
3119,10564,,,Cerrado,"fecha_invalida,monto_invalido"
3120,7369,,,Abierto,"fecha_invalida,monto_invalido"
3121,4443,,3949.14,No especificado,fecha_invalida
3122,1718,,11266.92,Abierto,fecha_invalida
3123,6459,,9887.06,No especificado,fecha_invalida
3124,4464,,,No especificado,"fecha_invalida,monto_invalido"
3125,16072,,5361.35,No especificado,fecha_invalida
3126,16650,,875.23,Abierto,fecha_invalida
3127,1654,,,No especificado,"fecha_invalida,monto_invalido"
3128,24901,,9758.31,Cerrado,fecha_invalida
3129,15637,,14735.81,No especificado,fecha_invalida
3130,18367,,,No especificado,"fecha_invalida,monto_invalido"
3132,22022,,2879.33,Rechazado,fecha_invalida
3134,17586,,13795.47,Rechazado,fecha_invalida
3135,25602,,,Abierto,"fecha_invalida,monto_invalido"
3136,6682,,3835.47,Cerrado,fecha_invalida
3137,15465,,2903.41,Cerrado,fecha_invalida
3138,9312,,3632.49,Cerrado,fecha_invalida
3140,10995,,145.28,Rechazado,fecha_invalida
3141,4298,,14528.17,Abierto,fecha_invalida
3142,12240,,,Rechazado,"fecha_invalida,monto_invalido"
3143,5523,,10510.6,Cerrado,fecha_invalida
3145,7582,,11844.49,Rechazado,fecha_invalida
3147,19269,,5678.93,Cerrado,fecha_invalida
3148,2823,2025-09-30,,Cerrado,monto_invalido
3150,19889,,,Abierto,"fecha_invalida,monto_invalido"
3152,23687,,12693.82,Abierto,fecha_invalida
3153,13621,,13854.22,Abierto,fecha_invalida
3155,21923,,7601.98,Abierto,fecha_invalida
3156,15142,,10752.64,Cerrado,fecha_invalida
3157,8000,,10003.91,Cerrado,fecha_invalida
3158,14730,,,No especificado,"fecha_invalida,monto_invalido"
3159,12190,,1094.08,Cerrado,fecha_invalida
3160,22322,,14595.07,Abierto,fecha_invalida
3161,3384,,,No especificado,"fecha_invalida,monto_invalido"
3162,180,,6252.76,No especificado,fecha_invalida
3163,5629,,1468.76,Abierto,fecha_invalida
3165,16787,,,Cerrado,"fecha_invalida,monto_invalido"
3166,23806,2025-10-23,,Rechazado,monto_invalido
3167,12616,,11801.8,Abierto,fecha_invalida
3168,14853,,122.09,Rechazado,fecha_invalida
3169,19596,,8017.98,No especificado,fecha_invalida
3171,7272,,6367.3,Rechazado,fecha_invalida
3172,19239,,10098.65,Cerrado,fecha_invalida
3173,24055,,3851.63,Abierto,fecha_invalida
3174,23555,,653.59,Cerrado,fecha_invalida
3175,13535,,,Cerrado,"fecha_invalida,monto_invalido"
3176,10734,,2301.35,No especificado,fecha_invalida
3177,2222,,3643.17,No especificado,fecha_invalida
3178,5013,,9810.01,No especificado,fecha_invalida
3179,9103,,10437.08,Cerrado,fecha_invalida
3180,15254,,,Abierto,"fecha_invalida,monto_invalido"
3181,6419,,8621.11,Cerrado,fecha_invalida
3182,20593,,,Cerrado,"fecha_invalida,monto_invalido"
3183,11540,,12888.01,Cerrado,fecha_invalida
3184,21952,,13645.1,No especificado,fecha_invalida
3185,11056,,1750.69,Abierto,fecha_invalida
3186,24610,,6640.59,Cerrado,fecha_invalida
3187,20816,,8988.77,Cerrado,fecha_invalida
3188,6623,,7076.52,No especificado,fecha_invalida
3189,6091,,7545.57,Cerrado,fecha_invalida
3190,4162,,5232.65,Abierto,fecha_invalida
3191,14150,,3091.79,No especificado,fecha_invalida
3192,21392,,,Cerrado,"fecha_invalida,monto_invalido"
3193,6617,,2381.86,No especificado,fecha_invalida
3194,24742,,,No especificado,"fecha_invalida,monto_invalido"
3195,21388,,,Cerrado,"fecha_invalida,monto_invalido"
3197,16059,,4396.09,Cerrado,fecha_invalida
3198,10584,,9734.38,Abierto,fecha_invalida
3199,6338,,13986.96,Rechazado,fecha_invalida
3200,23394,,6667.78,Rechazado,fecha_invalida
3201,17906,,7793.46,Cerrado,fecha_invalida
3202,9608,,12863.87,Abierto,fecha_invalida
3203,25644,,4314.68,Rechazado,fecha_invalida
3204,24110,,8557.18,No especificado,fecha_invalida
3205,3225,,6795.22,Cerrado,fecha_invalida
3206,24309,,,Rechazado,"fecha_invalida,monto_invalido"
3207,2041,,9952.93,Abierto,fecha_invalida
3208,10830,,7548.64,Cerrado,fecha_invalida
3210,17248,,11834.59,No especificado,fecha_invalida
3211,19250,,13331.34,No especificado,fecha_invalida
3212,16499,2025-06-03,,Cerrado,monto_invalido
3213,6084,,8118.57,No especificado,fecha_invalida
3214,10724,,12248.33,Cerrado,fecha_invalida
3215,13465,2025-11-21,,Abierto,monto_invalido
3216,7338,,,No especificado,"fecha_invalida,monto_invalido"
3217,11735,,13347.47,Rechazado,fecha_invalida
3218,17302,,,No especificado,"fecha_invalida,monto_invalido"
3219,9477,,11968.83,Rechazado,fecha_invalida
3220,876,,3650.32,Abierto,fecha_invalida
3221,21324,,6960.34,No especificado,fecha_invalida
3222,23959,,11785.37,Rechazado,fecha_invalida
3223,21176,,9328.66,No especificado,fecha_invalida
3224,19734,,11460.78,Abierto,fecha_invalida
3225,24284,,10911.42,Abierto,fecha_invalida
3227,22013,,,Abierto,"fecha_invalida,monto_invalido"
3228,7743,2025-01-10,,No especificado,monto_invalido
3229,10412,,6500.38,Cerrado,fecha_invalida
3230,23417,,14098.73,Abierto,fecha_invalida
3231,11197,,14752.68,Cerrado,fecha_invalida
3233,14994,,3924.77,No especificado,fecha_invalida
3235,13847,,12373.1,Cerrado,fecha_invalida
3236,13514,,12497.32,Abierto,fecha_invalida
3238,13825,,5397.31,Cerrado,fecha_invalida
3239,15472,,11719.69,Abierto,fecha_invalida
3240,19379,,11851.27,Abierto,fecha_invalida
3241,6890,,1941.27,No especificado,fecha_invalida
3242,21997,,,Cerrado,"fecha_invalida,monto_invalido"
3243,3778,,3464.48,No especificado,fecha_invalida
3244,9326,,,No especificado,"fecha_invalida,monto_invalido"
3245,22117,,,Rechazado,"fecha_invalida,monto_invalido"
3246,17153,,8471.23,Rechazado,fecha_invalida
3248,20094,,5678.81,Cerrado,fecha_invalida
3249,7469,,2471.1,No especificado,fecha_invalida
3250,6682,,2703.0,Cerrado,fecha_invalida
3251,24995,,12666.97,No especificado,fecha_invalida
3252,17495,,9230.19,Cerrado,fecha_invalida
3253,19394,,3352.69,Cerrado,fecha_invalida
3254,18828,,14209.33,No especificado,fecha_invalida
3255,8724,,,Cerrado,"fecha_invalida,monto_invalido"
3256,17785,,3400.97,Cerrado,fecha_invalida
3257,23170,,-10884.74,Cerrado,fecha_invalida
3258,4577,,5226.13,No especificado,fecha_invalida
3259,20729,,1565.52,Abierto,fecha_invalida
3260,17336,,2317.72,Abierto,fecha_invalida
3261,19802,,2639.1,No especificado,fecha_invalida
3262,20391,,12080.01,Rechazado,fecha_invalida
3263,2752,,10545.28,No especificado,fecha_invalida
3265,21392,,8545.96,No especificado,fecha_invalida
3266,18734,,2064.14,No especificado,fecha_invalida
3269,21234,,14640.07,Abierto,fecha_invalida
3270,21943,,3422.63,No especificado,fecha_invalida
3272,2527,,13231.66,Cerrado,fecha_invalida
3273,13272,,,No especificado,"fecha_invalida,monto_invalido"
3274,21645,,3770.93,Rechazado,fecha_invalida
3275,25736,,12419.35,Abierto,fecha_invalida
3276,13505,,1057.72,Cerrado,fecha_invalida
3277,16633,,,No especificado,"fecha_invalida,monto_invalido"
3278,13803,,6133.27,Cerrado,fecha_invalida
3279,10568,,,Abierto,"fecha_invalida,monto_invalido"
3280,8890,,6179.99,No especificado,fecha_invalida
3281,349,,10957.69,Abierto,fecha_invalida
3282,4904,,5531.57,Abierto,fecha_invalida
3283,16185,,9842.48,Abierto,fecha_invalida
3284,12326,,,Rechazado,"fecha_invalida,monto_invalido"
3285,13404,,3107.51,No especificado,fecha_invalida
3286,1827,,10541.11,Cerrado,fecha_invalida
3287,14871,,6111.09,Cerrado,fecha_invalida
3288,11662,,13099.51,Abierto,fecha_invalida
3289,13412,,4299.49,Rechazado,fecha_invalida
3290,21950,,3316.96,Cerrado,fecha_invalida
3291,1711,,,Abierto,"fecha_invalida,monto_invalido"
3292,370,,5277.56,No especificado,fecha_invalida
3293,3360,,12712.55,Abierto,fecha_invalida
3294,18628,,,No especificado,"fecha_invalida,monto_invalido"
3297,5781,2025-08-07,,No especificado,monto_invalido
3299,3229,,8262.97,Rechazado,fecha_invalida
3300,10525,,10056.76,No especificado,fecha_invalida
3302,4474,,3001.61,No especificado,fecha_invalida
3303,2934,,5923.8,No especificado,fecha_invalida
3304,22188,,9663.86,Cerrado,fecha_invalida
3305,24713,,868.17,No especificado,fecha_invalida
3306,1978,,1149.3,Rechazado,fecha_invalida
3307,8080,,13346.91,Abierto,fecha_invalida
3309,9748,,,Abierto,"fecha_invalida,monto_invalido"
3310,20752,,4203.34,Rechazado,fecha_invalida
3311,11519,,7134.0,No especificado,fecha_invalida
3312,3641,,13903.82,Abierto,fecha_invalida
3314,979,,,Abierto,"fecha_invalida,monto_invalido"
3315,23895,,,Cerrado,"fecha_invalida,monto_invalido"
3317,20412,,434.34,Cerrado,fecha_invalida
3318,9556,,3299.35,Cerrado,fecha_invalida
3319,2029,,,Abierto,"fecha_invalida,monto_invalido"
3320,14408,,6701.58,No especificado,fecha_invalida
3321,13075,,4003.34,Abierto,fecha_invalida
3324,7566,,3158.93,No especificado,fecha_invalida
3325,6857,,8031.05,Abierto,fecha_invalida
3327,5105,,2610.2,Abierto,fecha_invalida
3328,21679,,8181.08,Abierto,fecha_invalida
3329,11288,,9448.31,Cerrado,fecha_invalida
3331,6152,,1782.47,No especificado,fecha_invalida
3332,12461,,7393.7,No especificado,fecha_invalida
3334,17085,,3324.33,Cerrado,fecha_invalida
3335,13337,,,Cerrado,"fecha_invalida,monto_invalido"
3336,22060,,1789.83,Cerrado,fecha_invalida
3338,15923,,8798.38,Abierto,fecha_invalida
3339,21320,,8348.53,No especificado,fecha_invalida
3341,11377,,9190.53,Abierto,fecha_invalida
3343,25738,,4499.64,No especificado,fecha_invalida
3344,1995,,8064.25,No especificado,fecha_invalida
3345,24900,,,Cerrado,"fecha_invalida,monto_invalido"
3346,25700,,13234.67,Cerrado,fecha_invalida
3347,25521,,12765.14,Cerrado,fecha_invalida
3348,5076,,,Rechazado,"fecha_invalida,monto_invalido"
3349,16903,,7531.81,Cerrado,fecha_invalida
3350,19825,,9044.69,Cerrado,fecha_invalida
3351,9247,,13294.39,Abierto,fecha_invalida
3352,14070,,14794.36,Abierto,fecha_invalida
3353,17831,,6786.95,No especificado,fecha_invalida
3356,6732,,3157.86,Abierto,fecha_invalida
3357,3043,,4914.03,Rechazado,fecha_invalida
3359,3534,,-10341.59,Abierto,fecha_invalida
3360,3323,,1354.83,Cerrado,fecha_invalida
3361,9262,,14353.87,Cerrado,fecha_invalida
3364,16661,,7497.06,Cerrado,fecha_invalida
3365,12970,,-6341.77,Abierto,fecha_invalida
3367,2775,,12434.55,Cerrado,fecha_invalida
3368,23662,,7758.08,Abierto,fecha_invalida
3369,9661,,4641.9,No especificado,fecha_invalida
3370,292,,10444.99,No especificado,fecha_invalida
3371,18897,,1220.56,Cerrado,fecha_invalida
3372,851,,12281.29,No especificado,fecha_invalida
3373,1213,,11006.88,Abierto,fecha_invalida
3374,24654,,4516.64,Abierto,fecha_invalida
3375,23802,,2093.44,Abierto,fecha_invalida
3379,3487,,14394.07,Cerrado,fecha_invalida
3380,11039,,10553.39,Rechazado,fecha_invalida
3381,23545,,13712.89,Cerrado,fecha_invalida
3382,23176,,579.21,Cerrado,fecha_invalida
3383,13159,,6274.64,Cerrado,fecha_invalida
3384,1367,,,No especificado,"fecha_invalida,monto_invalido"
3385,9615,,,No especificado,"fecha_invalida,monto_invalido"
3387,18192,,11500.22,Cerrado,fecha_invalida
3388,5806,,14537.3,No especificado,fecha_invalida
3389,19010,,,No especificado,"fecha_invalida,monto_invalido"
3390,8712,,4294.15,No especificado,fecha_invalida
3391,18329,,3700.42,Abierto,fecha_invalida
3392,3341,,,No especificado,"fecha_invalida,monto_invalido"
3393,11092,,5305.51,Cerrado,fecha_invalida
3394,17297,,7958.64,Cerrado,fecha_invalida
3395,4622,,2136.83,Abierto,fecha_invalida
3396,14943,,,Cerrado,"fecha_invalida,monto_invalido"
3397,3293,,9557.94,Abierto,fecha_invalida
3398,16928,,,Cerrado,"fecha_invalida,monto_invalido"
3399,6457,2025-07-18,,Cerrado,monto_invalido
3400,7550,,14711.6,Cerrado,fecha_invalida
3402,25777,,2080.21,Abierto,fecha_invalida
3403,19646,,7378.5,Cerrado,fecha_invalida
3404,22417,,1380.59,Abierto,fecha_invalida
3405,5479,,,Rechazado,"fecha_invalida,monto_invalido"
3406,24812,,,Cerrado,"fecha_invalida,monto_invalido"
3408,3516,,10245.47,Abierto,fecha_invalida
3409,13067,,,No especificado,"fecha_invalida,monto_invalido"
3410,7110,,14877.41,Cerrado,fecha_invalida
3411,21691,,12090.95,Cerrado,fecha_invalida
3412,24173,,,No especificado,"fecha_invalida,monto_invalido"
3413,11860,,11391.07,Abierto,fecha_invalida
3414,23814,,3840.99,No especificado,fecha_invalida
3415,16069,,4199.51,No especificado,fecha_invalida
3416,13499,,10461.53,No especificado,fecha_invalida
3417,3873,,,Cerrado,"fecha_invalida,monto_invalido"
3418,9048,,2451.88,No especificado,fecha_invalida
3419,19444,,,No especificado,"fecha_invalida,monto_invalido"
3420,18,,,Abierto,"fecha_invalida,monto_invalido"
3421,13099,,3845.85,Rechazado,fecha_invalida
3422,266,,14527.08,No especificado,fecha_invalida
3423,10050,,,Cerrado,"fecha_invalida,monto_invalido"
3424,7599,,10786.05,Rechazado,fecha_invalida
3425,20481,,,Cerrado,"fecha_invalida,monto_invalido"
3426,23883,,12197.71,Cerrado,fecha_invalida
3427,946,,,Rechazado,"fecha_invalida,monto_invalido"
3428,14447,,10608.62,Abierto,fecha_invalida
3429,23284,,,No especificado,"fecha_invalida,monto_invalido"
3431,4684,,11584.2,Abierto,fecha_invalida
3432,17249,,10800.63,Rechazado,fecha_invalida
3433,7532,,13201.12,Abierto,fecha_invalida
3434,9984,,3062.03,Rechazado,fecha_invalida
3435,19037,,11444.52,Rechazado,fecha_invalida
3437,6351,,8401.05,No especificado,fecha_invalida
3438,23938,,13993.71,Cerrado,fecha_invalida
3439,13817,,,No especificado,"fecha_invalida,monto_invalido"
3441,22107,,,Abierto,"fecha_invalida,monto_invalido"
3442,15431,,,Cerrado,"fecha_invalida,monto_invalido"
3443,8510,,10056.65,No especificado,fecha_invalida
3444,21351,,1822.41,Abierto,fecha_invalida
3446,11131,,,Cerrado,"fecha_invalida,monto_invalido"
3447,22596,,6770.25,Rechazado,fecha_invalida
3448,2630,,10748.46,Cerrado,fecha_invalida
3449,1708,,2861.12,Abierto,fecha_invalida
3451,13884,,,No especificado,"fecha_invalida,monto_invalido"
3453,9325,,9642.2,Abierto,fecha_invalida
3454,2037,,3365.77,Abierto,fecha_invalida
3455,16626,,8875.16,Rechazado,fecha_invalida
3457,6273,,14300.06,Abierto,fecha_invalida
3458,10026,,,Cerrado,"fecha_invalida,monto_invalido"
3459,13510,,1364.72,No especificado,fecha_invalida
3460,7518,,8300.17,Abierto,fecha_invalida
3461,13730,,3095.27,Abierto,fecha_invalida
3462,5506,,12072.45,Abierto,fecha_invalida
3464,4998,,2000.35,Cerrado,fecha_invalida
3465,13544,2025-03-22,,Cerrado,monto_invalido
3466,6692,2025-12-19,,Rechazado,monto_invalido
3467,13844,,3818.63,Rechazado,fecha_invalida
3468,3243,,9062.66,Cerrado,fecha_invalida
3469,24326,,6645.83,No especificado,fecha_invalida
3470,15724,,11734.05,Cerrado,fecha_invalida
3472,5138,,706.03,No especificado,fecha_invalida
3473,171,,7758.78,Cerrado,fecha_invalida
3474,4946,,564.29,Abierto,fecha_invalida
3476,12166,,12984.63,No especificado,fecha_invalida
3478,5556,,14680.61,Cerrado,fecha_invalida
3479,11692,,10882.37,Abierto,fecha_invalida
3480,10364,,,Cerrado,"fecha_invalida,monto_invalido"
3481,3285,,838.68,No especificado,fecha_invalida
3483,548,2025-08-31,,No especificado,monto_invalido
3484,25658,,7169.55,No especificado,fecha_invalida
3486,13937,,10746.04,No especificado,fecha_invalida
3487,23003,,13129.06,Abierto,fecha_invalida
3488,23895,,,Abierto,"fecha_invalida,monto_invalido"
3489,4430,,5944.78,Abierto,fecha_invalida
3490,6084,,8605.0,Rechazado,fecha_invalida
3491,15832,,11696.93,Cerrado,fecha_invalida
3492,20294,,10716.07,No especificado,fecha_invalida
3494,12179,,14019.08,Cerrado,fecha_invalida
3495,9259,,,Abierto,"fecha_invalida,monto_invalido"
3496,4209,,9979.24,Rechazado,fecha_invalida
3497,14901,,2471.77,No especificado,fecha_invalida
3498,7328,,7782.81,Abierto,fecha_invalida
3499,9065,,6999.35,Abierto,fecha_invalida
3500,17492,,13249.03,Cerrado,fecha_invalida
3501,18891,,,No especificado,"fecha_invalida,monto_invalido"
3502,8081,2025-06-20,,No especificado,monto_invalido
3503,2851,,4794.59,Abierto,fecha_invalida
3504,11346,,,No especificado,"fecha_invalida,monto_invalido"
3505,2886,,6412.86,Abierto,fecha_invalida
3506,9264,,12626.59,Cerrado,fecha_invalida
3507,3349,,,No especificado,"fecha_invalida,monto_invalido"
3508,22129,,9039.02,No especificado,fecha_invalida
3509,18194,,2757.05,No especificado,fecha_invalida
3511,22905,,1856.84,Abierto,fecha_invalida
3512,10191,,2182.12,No especificado,fecha_invalida
3513,4421,,7580.67,Abierto,fecha_invalida
3515,3367,,11736.59,Cerrado,fecha_invalida
3517,11884,,11449.61,Cerrado,fecha_invalida
3518,5093,,891.98,No especificado,fecha_invalida
3519,8836,,,No especificado,"fecha_invalida,monto_invalido"
3520,4576,,2363.2,Abierto,fecha_invalida
3521,11032,,13594.53,Cerrado,fecha_invalida
3522,463,,303.07,Cerrado,fecha_invalida
3524,7652,,,No especificado,"fecha_invalida,monto_invalido"
3525,20245,,6264.14,Cerrado,fecha_invalida
3526,8829,,6442.09,Cerrado,fecha_invalida
3527,15547,,7522.5,No especificado,fecha_invalida
3529,1469,,6825.88,Rechazado,fecha_invalida
3530,17762,,,Abierto,"fecha_invalida,monto_invalido"
3531,2494,,7907.02,Cerrado,fecha_invalida
3532,14495,,11954.77,Cerrado,fecha_invalida
3533,21048,,13697.87,No especificado,fecha_invalida
3534,2876,,,Rechazado,"fecha_invalida,monto_invalido"
3535,9016,,3194.04,Cerrado,fecha_invalida
3536,14020,,6546.48,Cerrado,fecha_invalida
3538,1345,,,Cerrado,"fecha_invalida,monto_invalido"
3540,18844,,1528.19,Cerrado,fecha_invalida
3541,12240,,3071.03,Abierto,fecha_invalida
3542,19282,,10566.55,Cerrado,fecha_invalida
3543,9468,,1714.27,Cerrado,fecha_invalida
3544,24708,,13204.69,Cerrado,fecha_invalida
3545,7239,,,No especificado,"fecha_invalida,monto_invalido"
3546,1257,,,Cerrado,"fecha_invalida,monto_invalido"
3547,3328,,9794.63,Rechazado,fecha_invalida
3549,25548,,14483.8,Cerrado,fecha_invalida
3550,23645,,,Cerrado,"fecha_invalida,monto_invalido"
3551,3157,,2906.46,Cerrado,fecha_invalida
3552,15512,,,No especificado,"fecha_invalida,monto_invalido"
3553,4590,,5643.52,Cerrado,fecha_invalida
3554,16697,,1618.84,Rechazado,fecha_invalida
3555,23779,,1226.39,No especificado,fecha_invalida
3556,11341,,1755.29,Abierto,fecha_invalida
3557,8401,,,Abierto,"fecha_invalida,monto_invalido"
3559,23942,,6559.89,Abierto,fecha_invalida
3560,18806,,,Cerrado,"fecha_invalida,monto_invalido"
3562,25632,,,Cerrado,"fecha_invalida,monto_invalido"
3563,4609,,8886.4,Cerrado,fecha_invalida
3564,8868,,13608.84,Abierto,fecha_invalida
3565,16432,,7620.6,No especificado,fecha_invalida
3566,1094,,7145.07,Abierto,fecha_invalida
3567,14450,,,No especificado,"fecha_invalida,monto_invalido"
3568,25596,,4283.73,Rechazado,fecha_invalida
3569,12465,,403.63,Rechazado,fecha_invalida
3570,16393,,,No especificado,"fecha_invalida,monto_invalido"
3571,9806,,8378.61,No especificado,fecha_invalida
3572,4216,,7426.75,No especificado,fecha_invalida
3573,10249,,8961.5,No especificado,fecha_invalida
3574,24919,,12154.03,Abierto,fecha_invalida
3576,9966,,428.48,Abierto,fecha_invalida
3577,25650,2025-09-14,,Rechazado,monto_invalido
3579,6213,,12502.67,Cerrado,fecha_invalida
3580,24208,,12972.6,Cerrado,fecha_invalida
3582,3284,,1771.01,No especificado,fecha_invalida
3583,8767,,11423.0,Abierto,fecha_invalida
3584,6152,,,No especificado,"fecha_invalida,monto_invalido"
3585,13397,,920.92,Cerrado,fecha_invalida
3586,12542,,5387.28,No especificado,fecha_invalida
3587,507,,,Rechazado,"fecha_invalida,monto_invalido"
3589,12806,,10418.95,Abierto,fecha_invalida
3590,25774,,,No especificado,"fecha_invalida,monto_invalido"
3591,3221,,1992.57,Abierto,fecha_invalida
3592,12181,,9905.61,No especificado,fecha_invalida
3593,23667,,,Cerrado,"fecha_invalida,monto_invalido"
3594,21287,,2696.59,No especificado,fecha_invalida
3595,18027,,10446.71,Cerrado,fecha_invalida
3596,11507,,10334.55,Cerrado,fecha_invalida
3597,6202,,12431.57,Cerrado,fecha_invalida
3598,3201,,3337.73,No especificado,fecha_invalida
3599,14117,,6880.5,Abierto,fecha_invalida
3600,19340,,,Rechazado,"fecha_invalida,monto_invalido"
3601,20525,2026-02-05,,Rechazado,monto_invalido
3602,20445,,,Abierto,"fecha_invalida,monto_invalido"
3603,23247,,12372.2,Rechazado,fecha_invalida
3604,4120,,7009.4,Cerrado,fecha_invalida
3605,23807,,3633.79,No especificado,fecha_invalida
3606,10162,,8555.3,Rechazado,fecha_invalida
3607,5532,,10342.27,Rechazado,fecha_invalida
3608,8560,,7757.93,Cerrado,fecha_invalida
3610,15614,,2819.04,Abierto,fecha_invalida
3611,10537,,,Abierto,"fecha_invalida,monto_invalido"
3613,11359,,11605.8,Abierto,fecha_invalida
3614,13738,,8077.38,No especificado,fecha_invalida
3615,20506,,14053.02,Abierto,fecha_invalida
3618,16604,,7815.24,No especificado,fecha_invalida
3619,16191,,2363.25,Cerrado,fecha_invalida
3620,16457,,8176.63,Rechazado,fecha_invalida
3621,198,,,Cerrado,"fecha_invalida,monto_invalido"
3622,19581,,-401.37,Cerrado,fecha_invalida
3623,8315,,,Abierto,"fecha_invalida,monto_invalido"
3625,6171,,5180.78,Abierto,fecha_invalida
3627,15450,,9880.85,No especificado,fecha_invalida
3628,533,,8437.13,Abierto,fecha_invalida
3629,23645,,2990.87,Abierto,fecha_invalida
3630,8795,,2945.79,Abierto,fecha_invalida
3631,13887,,-3648.92,Abierto,fecha_invalida
3632,11730,,,Cerrado,"fecha_invalida,monto_invalido"
3633,15157,,4535.49,No especificado,fecha_invalida
3634,20387,,,Rechazado,"fecha_invalida,monto_invalido"
3636,2605,,7899.99,No especificado,fecha_invalida
3637,16571,,11994.91,Rechazado,fecha_invalida
3638,5867,,13336.08,No especificado,fecha_invalida
3639,14954,2025-11-24,,Cerrado,monto_invalido
3642,19549,,5389.39,Cerrado,fecha_invalida
3643,3370,,4711.01,Rechazado,fecha_invalida
3644,2558,,12020.68,Abierto,fecha_invalida
3645,20740,,12181.4,Cerrado,fecha_invalida
3646,15001,,,No especificado,"fecha_invalida,monto_invalido"
3647,16785,,,Abierto,"fecha_invalida,monto_invalido"
3648,12817,,7427.63,Abierto,fecha_invalida
3649,21390,,,No especificado,"fecha_invalida,monto_invalido"
3650,25673,,6099.07,Abierto,fecha_invalida
3651,17717,,,Cerrado,"fecha_invalida,monto_invalido"
3652,16916,,-14782.04,Cerrado,fecha_invalida
3653,6813,,11719.87,Cerrado,fecha_invalida
3654,25792,,12396.95,Cerrado,fecha_invalida
3655,14874,,14325.34,No especificado,fecha_invalida
3656,24618,,3219.25,No especificado,fecha_invalida
3657,15950,,11571.88,No especificado,fecha_invalida
3659,10900,,11106.35,Cerrado,fecha_invalida
3660,2280,,5334.59,Abierto,fecha_invalida
3661,425,,9681.07,Abierto,fecha_invalida
3663,10279,,,Rechazado,"fecha_invalida,monto_invalido"
3664,5315,,10617.56,Abierto,fecha_invalida
3665,5478,,265.72,No especificado,fecha_invalida
3666,12201,,9574.19,Abierto,fecha_invalida
3667,2396,,11847.51,Cerrado,fecha_invalida
3669,3060,,13639.76,No especificado,fecha_invalida
3670,755,,11756.61,No especificado,fecha_invalida
3671,23288,,8923.47,No especificado,fecha_invalida
3672,22059,,2923.13,Cerrado,fecha_invalida
3673,87,,1343.38,Abierto,fecha_invalida
3675,4333,,1900.76,No especificado,fecha_invalida
3677,19247,,7118.02,No especificado,fecha_invalida
3679,12232,,3095.75,Cerrado,fecha_invalida
3680,2372,,11707.91,Rechazado,fecha_invalida
3682,5802,2025-05-31,,No especificado,monto_invalido
3683,25709,,4087.79,Abierto,fecha_invalida
3686,16992,,,No especificado,"fecha_invalida,monto_invalido"
3688,7368,,,Abierto,"fecha_invalida,monto_invalido"
3689,6190,,1702.18,No especificado,fecha_invalida
3690,25541,,3137.58,Abierto,fecha_invalida
3691,24830,,11030.31,Cerrado,fecha_invalida
3692,20163,,6793.57,No especificado,fecha_invalida
3693,2697,,14494.73,Abierto,fecha_invalida
3696,23970,,8926.91,Abierto,fecha_invalida
3698,11276,,1773.18,No especificado,fecha_invalida
3699,18992,,11352.78,Rechazado,fecha_invalida
3700,14395,,6906.08,Rechazado,fecha_invalida
3701,18229,,,No especificado,"fecha_invalida,monto_invalido"
3702,2415,,,Cerrado,"fecha_invalida,monto_invalido"
3704,20207,,6431.65,No especificado,fecha_invalida
3706,20458,,4216.62,Rechazado,fecha_invalida
3709,10801,,,Abierto,"fecha_invalida,monto_invalido"
3710,15397,,8386.68,Abierto,fecha_invalida
3711,2480,,508.21,No especificado,fecha_invalida
3712,11124,,4837.73,Abierto,fecha_invalida
3713,1710,,13390.07,Cerrado,fecha_invalida
3714,21261,,10969.6,No especificado,fecha_invalida
3715,25671,,12632.31,Abierto,fecha_invalida
3716,7097,,11487.91,No especificado,fecha_invalida
3718,23724,,3492.28,Rechazado,fecha_invalida
3719,1726,,6734.92,Cerrado,fecha_invalida
3720,20272,,8302.38,Cerrado,fecha_invalida
3721,10148,,,Cerrado,"fecha_invalida,monto_invalido"
3722,11096,,11966.78,Rechazado,fecha_invalida
3723,10205,,6332.52,Abierto,fecha_invalida
3724,9379,,,Cerrado,"fecha_invalida,monto_invalido"
3725,23346,,13537.48,No especificado,fecha_invalida
3726,6672,,337.22,Abierto,fecha_invalida
3727,40,,248.88,Cerrado,fecha_invalida
3728,12033,,14412.37,Cerrado,fecha_invalida
3730,6287,,,Cerrado,"fecha_invalida,monto_invalido"
3731,12709,,14234.59,No especificado,fecha_invalida
3733,1218,,4119.79,Abierto,fecha_invalida
3734,4938,,5073.75,No especificado,fecha_invalida
3736,603,,12788.69,Cerrado,fecha_invalida
3737,10671,,9751.8,Cerrado,fecha_invalida
3738,3994,2025-01-05,,Abierto,monto_invalido
3741,11031,,9258.81,Rechazado,fecha_invalida
3742,22427,,1809.57,Cerrado,fecha_invalida
3743,17359,,,No especificado,"fecha_invalida,monto_invalido"
3744,2447,,11428.01,Rechazado,fecha_invalida
3745,1602,,14525.25,Rechazado,fecha_invalida
3746,11131,,10363.08,Cerrado,fecha_invalida
3747,8355,,14134.58,Cerrado,fecha_invalida
3748,6654,,11810.42,Cerrado,fecha_invalida
3749,14236,,4639.92,Cerrado,fecha_invalida
3752,12042,,,Cerrado,"fecha_invalida,monto_invalido"
3753,12962,,5967.8,Cerrado,fecha_invalida
3754,24268,,14928.13,No especificado,fecha_invalida
3756,7635,,8530.97,Rechazado,fecha_invalida
3757,3132,,-13326.73,Cerrado,fecha_invalida
3758,23232,,4630.61,Abierto,fecha_invalida
3759,7441,,1588.16,Cerrado,fecha_invalida
3760,8637,,7629.6,Cerrado,fecha_invalida
3761,13020,,14515.43,No especificado,fecha_invalida
3762,6941,,12366.29,Cerrado,fecha_invalida
3764,20462,,-4945.74,Abierto,fecha_invalida
3765,21952,,1414.62,No especificado,fecha_invalida
3766,3224,,443.38,Abierto,fecha_invalida
3767,309,,12541.5,Cerrado,fecha_invalida
3768,17558,,5174.52,Rechazado,fecha_invalida
3771,9909,,11715.97,Cerrado,fecha_invalida
3772,20463,,,Cerrado,"fecha_invalida,monto_invalido"
3773,12969,,9108.5,Abierto,fecha_invalida
3774,24066,,10409.24,Abierto,fecha_invalida
3775,3458,,11935.89,Rechazado,fecha_invalida
3776,1125,,4157.89,Rechazado,fecha_invalida
3779,15055,2025-12-10,,No especificado,monto_invalido
3780,6515,,3794.39,Cerrado,fecha_invalida
3781,7226,,2410.68,Cerrado,fecha_invalida
3782,25672,,1493.78,No especificado,fecha_invalida
3783,24279,,8894.48,Abierto,fecha_invalida
3785,17268,,7572.63,Rechazado,fecha_invalida
3786,9695,,12948.48,Rechazado,fecha_invalida
3787,2682,,13275.06,No especificado,fecha_invalida
3788,24221,,929.16,Abierto,fecha_invalida
3789,16905,,12263.7,Cerrado,fecha_invalida
3790,21552,,,Cerrado,"fecha_invalida,monto_invalido"
3791,6087,,10750.62,Cerrado,fecha_invalida
3792,846,,14172.53,Cerrado,fecha_invalida
3793,25540,,5437.21,No especificado,fecha_invalida
3794,14189,,,Cerrado,"fecha_invalida,monto_invalido"
3795,9136,,4239.1,Cerrado,fecha_invalida
3796,18333,,,No especificado,"fecha_invalida,monto_invalido"
3798,12069,,12431.34,Abierto,fecha_invalida
3800,8810,,944.53,No especificado,fecha_invalida
3802,25639,,,No especificado,"fecha_invalida,monto_invalido"
3804,154,,9814.42,Abierto,fecha_invalida
3805,20049,,11217.59,Abierto,fecha_invalida
3806,4251,,3441.46,Abierto,fecha_invalida
3808,12949,,,Abierto,"fecha_invalida,monto_invalido"
3809,15526,,896.25,Abierto,fecha_invalida
3810,4416,,,Cerrado,"fecha_invalida,monto_invalido"
3811,7417,,14454.82,No especificado,fecha_invalida
3813,10354,,11870.82,No especificado,fecha_invalida
3814,2824,,,Cerrado,"fecha_invalida,monto_invalido"
3815,13673,,5360.94,Abierto,fecha_invalida
3816,6134,,,Rechazado,"fecha_invalida,monto_invalido"
3817,22562,,,No especificado,"fecha_invalida,monto_invalido"
3820,17847,,,Cerrado,"fecha_invalida,monto_invalido"
3821,3088,,11389.62,No especificado,fecha_invalida
3822,9809,,1296.83,Abierto,fecha_invalida
3824,1372,,,No especificado,"fecha_invalida,monto_invalido"
3827,16856,,12070.87,No especificado,fecha_invalida
3828,5619,,4098.72,No especificado,fecha_invalida
3829,15791,,1641.72,Cerrado,fecha_invalida
3830,19865,,10174.25,Abierto,fecha_invalida
3831,7022,,,Abierto,"fecha_invalida,monto_invalido"
3832,10198,,6165.37,Cerrado,fecha_invalida
3833,8250,,,Abierto,"fecha_invalida,monto_invalido"
3834,23121,,,No especificado,"fecha_invalida,monto_invalido"
3835,13569,,6742.75,Rechazado,fecha_invalida
3836,24076,,3903.98,Cerrado,fecha_invalida
3837,407,,3111.98,Cerrado,fecha_invalida
3838,4111,,126.66,Abierto,fecha_invalida
3840,10750,,7363.33,Cerrado,fecha_invalida
3841,5880,,5342.52,Rechazado,fecha_invalida
3843,6903,,4758.95,Cerrado,fecha_invalida
3845,22741,,,No especificado,"fecha_invalida,monto_invalido"
3846,9358,,,No especificado,"fecha_invalida,monto_invalido"
3847,25696,,11775.7,No especificado,fecha_invalida
3848,9077,,,Abierto,"fecha_invalida,monto_invalido"
3849,211,,4195.02,Cerrado,fecha_invalida
3850,14462,,684.43,Abierto,fecha_invalida
3851,704,,,Abierto,"fecha_invalida,monto_invalido"
3852,11970,,14856.19,Rechazado,fecha_invalida
3853,25715,,434.42,No especificado,fecha_invalida
3854,10853,,,Cerrado,"fecha_invalida,monto_invalido"
3855,1464,,11957.28,No especificado,fecha_invalida
3856,8596,,7364.07,No especificado,fecha_invalida
3857,22438,,5174.85,No especificado,fecha_invalida
3858,9869,,,Cerrado,"fecha_invalida,monto_invalido"
3859,1784,,276.81,Cerrado,fecha_invalida
3860,8504,,509.1,Rechazado,fecha_invalida
3861,128,,2111.09,Abierto,fecha_invalida
3862,20235,,7567.21,Cerrado,fecha_invalida
3863,7781,,5719.61,Cerrado,fecha_invalida
3864,14295,,9471.8,Rechazado,fecha_invalida
3865,13863,,,Rechazado,"fecha_invalida,monto_invalido"
3866,21369,,2720.08,No especificado,fecha_invalida
3867,5821,,573.94,Abierto,fecha_invalida
3868,4534,,12556.21,Abierto,fecha_invalida
3869,15284,,8946.16,No especificado,fecha_invalida
3870,25534,,4741.56,Abierto,fecha_invalida
3871,7219,,976.46,No especificado,fecha_invalida
3873,17599,,5156.86,Abierto,fecha_invalida
3874,16801,,10973.27,Cerrado,fecha_invalida
3875,11703,,1297.37,Abierto,fecha_invalida
3876,6786,,,No especificado,"fecha_invalida,monto_invalido"
3877,9694,,9354.96,Cerrado,fecha_invalida
3878,3280,,9889.58,Cerrado,fecha_invalida
3879,18412,,14355.59,Abierto,fecha_invalida
3880,10369,,10242.8,No especificado,fecha_invalida
3881,23103,,12283.35,Abierto,fecha_invalida
3882,23969,2025-06-04,,Abierto,monto_invalido
3883,16688,,11781.32,No especificado,fecha_invalida
3884,12347,,4574.55,Cerrado,fecha_invalida
3885,23807,2026-02-04,,Abierto,monto_invalido
3886,16331,,2289.58,No especificado,fecha_invalida
3887,13179,,7132.81,Abierto,fecha_invalida
3888,4399,,4317.92,Rechazado,fecha_invalida
3889,12528,,,Abierto,"fecha_invalida,monto_invalido"
3891,544,,2003.67,Rechazado,fecha_invalida
3892,17082,,11252.26,Abierto,fecha_invalida
3894,10035,,3067.4,Abierto,fecha_invalida
3895,8951,,287.57,Abierto,fecha_invalida
3896,5761,,4853.2,No especificado,fecha_invalida
3897,13320,,4481.19,Cerrado,fecha_invalida
3900,23142,,6704.06,Abierto,fecha_invalida
3901,9546,,5899.33,Cerrado,fecha_invalida
3902,9968,,14685.51,Abierto,fecha_invalida
3904,2817,,7865.6,No especificado,fecha_invalida
3905,17221,,12890.89,Cerrado,fecha_invalida
3906,11968,,5546.51,Cerrado,fecha_invalida
3907,9377,,3773.58,Abierto,fecha_invalida
3908,12100,,13886.85,Abierto,fecha_invalida
3909,19828,,11702.01,Abierto,fecha_invalida
3910,20106,,836.51,Abierto,fecha_invalida
3912,12887,,629.65,Cerrado,fecha_invalida
3913,5853,2025-01-10,,Abierto,monto_invalido
3915,11581,,9321.24,Abierto,fecha_invalida
3918,8391,,4206.32,Cerrado,fecha_invalida
3919,5401,,4207.29,No especificado,fecha_invalida
3920,17419,,12052.59,Rechazado,fecha_invalida
3921,14854,,14947.26,Abierto,fecha_invalida
3922,18498,,10885.5,Abierto,fecha_invalida
3923,10488,,4133.96,Cerrado,fecha_invalida
3924,22071,,9743.42,Cerrado,fecha_invalida
3925,11738,,,Rechazado,"fecha_invalida,monto_invalido"
3926,17850,,-3859.65,No especificado,fecha_invalida
3927,24467,,7557.97,Abierto,fecha_invalida
3928,6616,,4201.17,Cerrado,fecha_invalida
3929,7357,,8391.46,Abierto,fecha_invalida
3930,25617,,6100.53,Rechazado,fecha_invalida
3931,18066,2025-02-10,,Abierto,monto_invalido
3933,13864,,8152.49,Cerrado,fecha_invalida
3935,3910,,,Abierto,"fecha_invalida,monto_invalido"
3936,1228,,8806.52,Abierto,fecha_invalida
3937,9739,,14614.48,Abierto,fecha_invalida
3938,18501,,,Abierto,"fecha_invalida,monto_invalido"
3940,19941,,6295.16,Cerrado,fecha_invalida
3941,22298,2026-01-26,,Abierto,monto_invalido
3942,2998,,119.97,Abierto,fecha_invalida
3943,8847,,12613.07,Cerrado,fecha_invalida
3944,15570,,10318.43,No especificado,fecha_invalida
3945,17558,,1592.38,No especificado,fecha_invalida
3946,3415,,,Rechazado,"fecha_invalida,monto_invalido"
3947,5119,,13690.59,No especificado,fecha_invalida
3948,10677,,,Cerrado,"fecha_invalida,monto_invalido"
3949,17401,,5932.92,No especificado,fecha_invalida
3951,3010,,,Cerrado,"fecha_invalida,monto_invalido"
3952,7559,,6225.05,Abierto,fecha_invalida
3954,18091,2025-11-26,,No especificado,monto_invalido
3955,25824,,,No especificado,"fecha_invalida,monto_invalido"
3957,5951,2026-01-19,,Abierto,monto_invalido
3958,20108,,1477.23,Abierto,fecha_invalida
3959,7652,,948.25,Rechazado,fecha_invalida
3960,14334,,11981.94,No especificado,fecha_invalida
3961,14833,,11031.1,No especificado,fecha_invalida
3963,9240,,7187.3,Abierto,fecha_invalida
3965,3206,,6563.17,Cerrado,fecha_invalida
3968,18193,,6686.15,Cerrado,fecha_invalida
3969,16952,2025-01-02,,Abierto,monto_invalido
3970,13723,,12141.6,No especificado,fecha_invalida
3971,23291,,8269.62,Cerrado,fecha_invalida
3973,20228,,775.93,No especificado,fecha_invalida
3974,9287,,8516.19,Rechazado,fecha_invalida
3975,7128,,13345.32,Rechazado,fecha_invalida
3976,10969,,,Cerrado,"fecha_invalida,monto_invalido"
3977,14177,,,Abierto,"fecha_invalida,monto_invalido"
3978,886,2025-03-26,,No especificado,monto_invalido
3979,3748,,9152.39,Cerrado,fecha_invalida
3980,18779,,13127.61,No especificado,fecha_invalida
3981,23250,,4635.03,Rechazado,fecha_invalida
3982,23822,,7730.37,Cerrado,fecha_invalida
3983,15860,,,Abierto,"fecha_invalida,monto_invalido"
3984,6846,,9292.63,Cerrado,fecha_invalida
3986,24416,,,Rechazado,"fecha_invalida,monto_invalido"
3987,11656,,332.5,Cerrado,fecha_invalida
3988,22878,,9807.5,Abierto,fecha_invalida
3989,18542,2025-11-27,,No especificado,monto_invalido
3990,16239,,,Cerrado,"fecha_invalida,monto_invalido"
3991,17235,,,Cerrado,"fecha_invalida,monto_invalido"
3992,20581,,2785.74,Abierto,fecha_invalida
3993,6283,,12236.04,No especificado,fecha_invalida
3994,3333,,988.94,Cerrado,fecha_invalida
3995,17779,,10785.66,No especificado,fecha_invalida
3996,12368,,13281.21,Abierto,fecha_invalida
3997,3671,2025-12-31,,Cerrado,monto_invalido
3998,15461,,7040.89,Cerrado,fecha_invalida
3999,18508,,4780.1,Abierto,fecha_invalida
4000,3351,,5881.74,No especificado,fecha_invalida
4001,17837,,9541.22,No especificado,fecha_invalida
4003,23759,2025-03-19,,Abierto,monto_invalido
4004,941,,8043.41,Cerrado,fecha_invalida
4006,248,,7891.22,No especificado,fecha_invalida
4007,1575,,2109.44,Rechazado,fecha_invalida
4008,136,,1083.49,Rechazado,fecha_invalida
4009,4119,,10778.91,Abierto,fecha_invalida
4010,21991,,2747.99,Rechazado,fecha_invalida
4011,9302,,10545.03,Rechazado,fecha_invalida
4012,3590,,,Cerrado,"fecha_invalida,monto_invalido"
4013,7623,,2772.63,No especificado,fecha_invalida
4014,12857,,10770.04,Cerrado,fecha_invalida
4015,13473,,14532.55,Abierto,fecha_invalida
4016,25602,,,Cerrado,"fecha_invalida,monto_invalido"
4017,12731,,,Rechazado,"fecha_invalida,monto_invalido"
4018,24945,,,Cerrado,"fecha_invalida,monto_invalido"
4019,13918,,8618.7,Rechazado,fecha_invalida
4020,1030,,,No especificado,"fecha_invalida,monto_invalido"
4021,22042,,6405.61,Cerrado,fecha_invalida
4022,21221,,9855.96,Cerrado,fecha_invalida
4023,24175,,8261.71,Rechazado,fecha_invalida
4024,12345,,5801.61,No especificado,fecha_invalida
4025,13140,,3065.48,No especificado,fecha_invalida
4027,9849,,,Cerrado,"fecha_invalida,monto_invalido"
4030,30,,,Abierto,"fecha_invalida,monto_invalido"
4031,24139,,10048.22,No especificado,fecha_invalida
4032,12057,,397.02,Abierto,fecha_invalida
4033,24051,,14356.15,Cerrado,fecha_invalida
4034,3793,,13451.57,Rechazado,fecha_invalida
4035,17977,,1926.12,No especificado,fecha_invalida
4036,15794,,7743.82,Abierto,fecha_invalida
4037,20719,,,No especificado,"fecha_invalida,monto_invalido"
4038,22016,2025-04-27,,Cerrado,monto_invalido
4039,2551,,11547.38,Cerrado,fecha_invalida
4040,16248,,12376.23,Cerrado,fecha_invalida
4041,17399,,10160.85,No especificado,fecha_invalida
4042,22732,,4186.93,Rechazado,fecha_invalida
4043,3336,,8818.06,No especificado,fecha_invalida
4044,14717,,11415.68,No especificado,fecha_invalida
4045,22814,,9944.11,Cerrado,fecha_invalida
4046,20079,,8211.96,No especificado,fecha_invalida
4047,12377,,12130.22,Cerrado,fecha_invalida
4049,12057,,13927.39,Rechazado,fecha_invalida
4050,1635,,13723.13,Abierto,fecha_invalida
4051,12342,,10150.46,Rechazado,fecha_invalida
4052,22450,,7007.45,No especificado,fecha_invalida
4053,6087,,5590.44,Rechazado,fecha_invalida
4054,7102,,2376.43,Abierto,fecha_invalida
4055,11337,,,Cerrado,"fecha_invalida,monto_invalido"
4056,8831,,797.11,Abierto,fecha_invalida
4058,3699,2025-03-04,,Cerrado,monto_invalido
4060,14699,,,Cerrado,"fecha_invalida,monto_invalido"
4061,14763,,13760.9,Cerrado,fecha_invalida
4062,15191,,,No especificado,"fecha_invalida,monto_invalido"
4063,14596,,12625.8,Cerrado,fecha_invalida
4064,3513,,3957.85,No especificado,fecha_invalida
4065,14595,,4467.48,Cerrado,fecha_invalida
4067,3348,,3840.52,Rechazado,fecha_invalida
4070,8778,,10777.76,Abierto,fecha_invalida
4071,9860,,1578.6,Abierto,fecha_invalida
4072,15629,,13731.04,Cerrado,fecha_invalida
4073,18331,,,Abierto,"fecha_invalida,monto_invalido"
4074,16835,,3033.35,No especificado,fecha_invalida
4075,17031,,10776.28,Abierto,fecha_invalida
4076,22366,,3995.54,Rechazado,fecha_invalida
4077,3127,,13138.02,Abierto,fecha_invalida
4079,16808,,6485.56,Abierto,fecha_invalida
4080,20764,,9241.89,No especificado,fecha_invalida
4081,1551,,9836.58,Cerrado,fecha_invalida
4082,1412,,13618.29,Rechazado,fecha_invalida
4083,19992,,,Rechazado,"fecha_invalida,monto_invalido"
4084,4994,,1098.64,Abierto,fecha_invalida
4085,14683,,5572.33,Abierto,fecha_invalida
4086,7633,,2487.26,No especificado,fecha_invalida
4087,9494,,5232.05,Cerrado,fecha_invalida
4088,809,,8841.2,Cerrado,fecha_invalida
4090,19196,,2926.91,Rechazado,fecha_invalida
4091,10644,,,Cerrado,"fecha_invalida,monto_invalido"
4092,12587,,14244.05,Abierto,fecha_invalida
4093,11962,,12520.09,Rechazado,fecha_invalida
4094,9931,,,Abierto,"fecha_invalida,monto_invalido"
4095,7345,,3091.44,Cerrado,fecha_invalida
4096,18900,,9164.45,Abierto,fecha_invalida
4098,6075,,4142.05,Abierto,fecha_invalida
4099,5645,,1838.01,Cerrado,fecha_invalida
4101,6564,,10588.58,Rechazado,fecha_invalida
4102,3831,,,Cerrado,"fecha_invalida,monto_invalido"
4103,15459,,2819.16,Cerrado,fecha_invalida
4104,9108,,4879.54,No especificado,fecha_invalida
4105,13968,,,Rechazado,"fecha_invalida,monto_invalido"
4107,9827,,5296.16,Abierto,fecha_invalida
4109,18859,,11754.54,No especificado,fecha_invalida
4110,18843,,10848.35,No especificado,fecha_invalida
4111,23276,,,Cerrado,"fecha_invalida,monto_invalido"
4112,5449,,9514.74,No especificado,fecha_invalida
4113,5073,,8959.2,Abierto,fecha_invalida
4114,7426,,,Abierto,"fecha_invalida,monto_invalido"
4115,5001,2025-03-20,,Cerrado,monto_invalido
4116,8163,,,Abierto,"fecha_invalida,monto_invalido"
4118,13852,,10559.26,Cerrado,fecha_invalida
4119,7033,,2026.75,No especificado,fecha_invalida
4121,139,,865.09,Abierto,fecha_invalida
4122,21447,,4959.35,Rechazado,fecha_invalida
4123,5528,,8166.03,Cerrado,fecha_invalida
4124,2005,,14313.14,No especificado,fecha_invalida
4125,7291,,4265.4,No especificado,fecha_invalida
4126,20262,,6134.71,Rechazado,fecha_invalida
4127,21547,,13011.85,Cerrado,fecha_invalida
4128,12502,,3425.53,Rechazado,fecha_invalida
4129,24041,,14226.25,No especificado,fecha_invalida
4131,12550,,5862.97,Abierto,fecha_invalida
4132,22194,,5959.84,No especificado,fecha_invalida
4133,6320,,12009.85,Abierto,fecha_invalida
4134,22680,,322.87,Abierto,fecha_invalida
4135,1573,,9402.48,No especificado,fecha_invalida
4136,5828,,,No especificado,"fecha_invalida,monto_invalido"
4137,15879,,2177.12,Abierto,fecha_invalida
4138,3535,,6194.66,No especificado,fecha_invalida
4139,22004,,11153.36,Cerrado,fecha_invalida
4140,15109,,,No especificado,"fecha_invalida,monto_invalido"
4142,4738,,6724.5,No especificado,fecha_invalida
4143,6316,,2542.41,Rechazado,fecha_invalida
4144,3466,,,No especificado,"fecha_invalida,monto_invalido"
4145,24131,,6596.09,Abierto,fecha_invalida
4146,18675,,4209.24,No especificado,fecha_invalida
4147,17676,,,No especificado,"fecha_invalida,monto_invalido"
4148,8214,,11212.13,Cerrado,fecha_invalida
4150,25748,2025-08-16,,No especificado,monto_invalido
4151,23194,,3710.3,Abierto,fecha_invalida
4152,19964,,12078.71,Abierto,fecha_invalida
4153,4841,,9943.86,Abierto,fecha_invalida
4154,14036,,14131.66,Cerrado,fecha_invalida
4155,22871,,5204.25,No especificado,fecha_invalida
4156,19213,,,Abierto,"fecha_invalida,monto_invalido"
4157,23912,,1619.19,No especificado,fecha_invalida
4158,15553,,4375.85,No especificado,fecha_invalida
4159,24415,,7808.66,No especificado,fecha_invalida
4160,21558,,11331.44,Cerrado,fecha_invalida
4161,2377,,12363.66,Abierto,fecha_invalida
4162,18442,,799.79,Cerrado,fecha_invalida
4163,19988,,7941.98,Cerrado,fecha_invalida
4164,11924,,14424.08,Cerrado,fecha_invalida
4165,7239,,,No especificado,"fecha_invalida,monto_invalido"
4166,14145,,,Rechazado,"fecha_invalida,monto_invalido"
4167,4143,,9682.25,Cerrado,fecha_invalida
4168,1313,,9095.81,No especificado,fecha_invalida
4169,19035,,1324.73,Abierto,fecha_invalida
4170,18400,,,Rechazado,"fecha_invalida,monto_invalido"
4171,21868,,3990.48,Cerrado,fecha_invalida
4172,15935,,13446.24,Cerrado,fecha_invalida
4173,22521,,7042.02,No especificado,fecha_invalida
4177,17744,,,Abierto,"fecha_invalida,monto_invalido"
4178,6693,,14476.94,Rechazado,fecha_invalida
4179,15016,,10172.77,Cerrado,fecha_invalida
4180,22486,,11879.32,Abierto,fecha_invalida
4181,23084,,598.46,No especificado,fecha_invalida
4182,17074,2025-08-10,,Abierto,monto_invalido
4183,13358,,6489.87,No especificado,fecha_invalida
4184,22946,,3765.97,Abierto,fecha_invalida
4185,12143,,7220.0,No especificado,fecha_invalida
4186,24367,,587.95,Abierto,fecha_invalida
4188,8532,,,Rechazado,"fecha_invalida,monto_invalido"
4189,6200,,4735.41,No especificado,fecha_invalida
4190,8565,,7242.28,Cerrado,fecha_invalida
4191,14049,,12056.6,No especificado,fecha_invalida
4193,25503,,,No especificado,"fecha_invalida,monto_invalido"
4194,24321,,9149.5,Cerrado,fecha_invalida
4196,21257,,,Cerrado,"fecha_invalida,monto_invalido"
4197,9766,,3956.79,Abierto,fecha_invalida
4198,18622,2025-11-20,,No especificado,monto_invalido
4200,11234,,14608.47,Rechazado,fecha_invalida
4201,185,,,Abierto,"fecha_invalida,monto_invalido"
4202,5826,,1738.61,No especificado,fecha_invalida
4203,12276,,9814.44,Abierto,fecha_invalida
4204,12576,,,Abierto,"fecha_invalida,monto_invalido"
4206,21152,,1805.19,Cerrado,fecha_invalida
4207,18106,,6687.19,No especificado,fecha_invalida
4208,5003,,9469.15,Cerrado,fecha_invalida
4209,14494,,6631.73,Cerrado,fecha_invalida
4210,17289,,9027.68,Cerrado,fecha_invalida
4212,4533,,2152.46,No especificado,fecha_invalida
4213,837,,11143.13,Cerrado,fecha_invalida
4214,5744,,9169.16,No especificado,fecha_invalida
4215,11316,,1179.88,Cerrado,fecha_invalida
4217,7882,,,No especificado,"fecha_invalida,monto_invalido"
4219,7394,,8085.21,Rechazado,fecha_invalida
4220,13370,2025-03-27,,Abierto,monto_invalido
4223,4089,,13567.3,Abierto,fecha_invalida
4225,1403,,316.2,No especificado,fecha_invalida
4226,21250,,,Rechazado,"fecha_invalida,monto_invalido"
4227,2060,,6028.64,Cerrado,fecha_invalida
4228,19860,,,Cerrado,"fecha_invalida,monto_invalido"
4229,15806,,8678.88,Cerrado,fecha_invalida
4230,20069,,10210.7,Cerrado,fecha_invalida
4231,5166,,,Cerrado,"fecha_invalida,monto_invalido"
4232,6139,,8359.11,No especificado,fecha_invalida
4233,3473,,1270.75,No especificado,fecha_invalida
4234,18871,,,Rechazado,"fecha_invalida,monto_invalido"
4235,12171,,12492.96,Abierto,fecha_invalida
4236,23353,,9432.99,No especificado,fecha_invalida
4237,4796,,1897.11,Abierto,fecha_invalida
4238,17930,,394.94,Cerrado,fecha_invalida
4239,1406,2025-01-12,,Abierto,monto_invalido
4240,18008,,3222.54,Cerrado,fecha_invalida
4241,12326,,5562.54,Cerrado,fecha_invalida
4242,6614,,1961.19,Cerrado,fecha_invalida
4243,8494,,8086.43,Abierto,fecha_invalida
4244,21575,,,Cerrado,"fecha_invalida,monto_invalido"
4245,19602,,,Abierto,"fecha_invalida,monto_invalido"
4246,2192,2025-02-03,,No especificado,monto_invalido
4247,15362,,9594.43,Cerrado,fecha_invalida
4248,18874,,10424.39,Abierto,fecha_invalida
4249,12741,,,Cerrado,"fecha_invalida,monto_invalido"
4250,14834,,12859.0,Abierto,fecha_invalida
4251,24907,,9492.79,Cerrado,fecha_invalida
4252,464,,6423.36,Abierto,fecha_invalida
4253,5657,,10344.9,Cerrado,fecha_invalida
4255,14402,,9885.72,No especificado,fecha_invalida
4256,25539,,2846.88,Cerrado,fecha_invalida
4257,21621,,3905.24,Cerrado,fecha_invalida
4258,16357,,2970.16,Abierto,fecha_invalida
4259,14200,,,No especificado,"fecha_invalida,monto_invalido"
4261,11066,,9563.62,No especificado,fecha_invalida
4262,4313,,8478.44,No especificado,fecha_invalida
4263,18580,,4025.48,No especificado,fecha_invalida
4264,18269,,5192.11,Abierto,fecha_invalida
4265,703,,12384.06,No especificado,fecha_invalida
4266,5447,,7272.89,No especificado,fecha_invalida
4267,4972,,13154.09,Cerrado,fecha_invalida
4268,18469,,14950.94,No especificado,fecha_invalida
4269,1614,,,No especificado,"fecha_invalida,monto_invalido"
4270,15893,,3654.82,Abierto,fecha_invalida
4271,22783,,3961.28,Rechazado,fecha_invalida
4273,4049,,4785.95,No especificado,fecha_invalida
4274,6287,,1441.64,Cerrado,fecha_invalida
4275,23477,,5520.6,Abierto,fecha_invalida
4278,2412,,1358.29,Rechazado,fecha_invalida
4280,25769,,3258.14,Abierto,fecha_invalida
4281,7669,,,Abierto,"fecha_invalida,monto_invalido"
4282,2692,,13079.72,Cerrado,fecha_invalida
4284,16427,,14473.34,Rechazado,fecha_invalida
4285,8925,2025-08-24,,Abierto,monto_invalido
4286,24218,,14185.66,No especificado,fecha_invalida
4287,5211,,,Abierto,"fecha_invalida,monto_invalido"
4288,24612,2025-06-20,,Abierto,monto_invalido
4289,24831,,6486.85,Cerrado,fecha_invalida
4291,22778,,,Cerrado,"fecha_invalida,monto_invalido"
4293,11382,,13424.17,Cerrado,fecha_invalida
4294,2028,,10041.52,Cerrado,fecha_invalida
4295,7853,,7470.14,No especificado,fecha_invalida
4296,11409,,,Rechazado,"fecha_invalida,monto_invalido"
4297,20736,,12100.17,Rechazado,fecha_invalida
4299,16410,,9387.98,No especificado,fecha_invalida
4300,21444,,3091.32,No especificado,fecha_invalida
4301,21429,,7997.63,Cerrado,fecha_invalida
4302,19811,,,Cerrado,"fecha_invalida,monto_invalido"
4303,23535,,1648.0,No especificado,fecha_invalida
4304,25874,,3348.22,Abierto,fecha_invalida
4305,6276,,,Abierto,"fecha_invalida,monto_invalido"
4306,23988,,3954.87,No especificado,fecha_invalida
4307,8802,,2341.93,No especificado,fecha_invalida
4308,11462,,5526.29,Abierto,fecha_invalida
4309,3896,,7810.74,Rechazado,fecha_invalida
4310,21328,,,No especificado,"fecha_invalida,monto_invalido"
4312,1944,,5478.38,No especificado,fecha_invalida
4313,4327,,9522.07,No especificado,fecha_invalida
4314,22882,,3090.81,Abierto,fecha_invalida
4315,6242,,14884.81,No especificado,fecha_invalida
4316,11627,,14713.29,Cerrado,fecha_invalida
4317,1829,,,Cerrado,"fecha_invalida,monto_invalido"
4318,5740,,9834.32,No especificado,fecha_invalida
4319,24479,,11038.73,Cerrado,fecha_invalida
4320,14536,,,Abierto,"fecha_invalida,monto_invalido"
4321,4849,,5788.09,No especificado,fecha_invalida
4322,5776,2025-03-05,,Abierto,monto_invalido
4323,11609,,310.58,Cerrado,fecha_invalida
4324,20534,,8401.29,Abierto,fecha_invalida
4325,14934,,,Abierto,"fecha_invalida,monto_invalido"
4327,15861,,430.7,No especificado,fecha_invalida
4329,25597,,12646.64,Abierto,fecha_invalida
4331,24715,,14204.02,Cerrado,fecha_invalida
4332,19312,,4257.35,Abierto,fecha_invalida
4333,13407,,4326.29,Rechazado,fecha_invalida
4334,22103,,8037.42,Rechazado,fecha_invalida
4336,16399,,,Rechazado,"fecha_invalida,monto_invalido"
4337,16074,,2741.79,Abierto,fecha_invalida
4339,7133,2025-03-18,,Cerrado,monto_invalido
4340,23436,,5212.21,Abierto,fecha_invalida
4341,6381,2025-02-14,,No especificado,monto_invalido
4342,2371,,-5718.7,Rechazado,fecha_invalida
4343,15786,,986.29,No especificado,fecha_invalida
4344,21773,,4169.82,Abierto,fecha_invalida
4345,2273,,3606.53,Cerrado,fecha_invalida
4347,15660,,12039.64,No especificado,fecha_invalida
4348,20438,,255.59,No especificado,fecha_invalida
4349,10458,,,No especificado,"fecha_invalida,monto_invalido"
4350,6656,,,Rechazado,"fecha_invalida,monto_invalido"
4352,24883,,7074.29,Abierto,fecha_invalida
4353,4878,,,Cerrado,"fecha_invalida,monto_invalido"
4355,15578,,5816.07,Abierto,fecha_invalida
4356,9946,,12657.53,No especificado,fecha_invalida
4357,14133,,9779.77,Rechazado,fecha_invalida
4358,20228,,11606.38,Cerrado,fecha_invalida
4359,18260,,1549.2,Cerrado,fecha_invalida
4360,1808,,6030.66,Rechazado,fecha_invalida
4362,14305,,449.46,No especificado,fecha_invalida
4363,18407,,,Cerrado,"fecha_invalida,monto_invalido"
4364,3002,,14579.77,Abierto,fecha_invalida
4365,39,,4344.69,Cerrado,fecha_invalida
4366,13949,,1459.48,Abierto,fecha_invalida
4367,23530,,9402.53,Cerrado,fecha_invalida
4368,8084,,227.18,No especificado,fecha_invalida
4369,20706,,7302.23,Abierto,fecha_invalida
4370,21724,,,Rechazado,"fecha_invalida,monto_invalido"
4371,10680,,8855.53,Rechazado,fecha_invalida
4372,16537,,,Abierto,"fecha_invalida,monto_invalido"
4374,7509,,8204.58,Rechazado,fecha_invalida
4375,3581,,3276.54,Abierto,fecha_invalida
4376,4985,,,No especificado,"fecha_invalida,monto_invalido"
4377,2031,,14929.44,Rechazado,fecha_invalida
4378,21246,,,Cerrado,"fecha_invalida,monto_invalido"
4379,13867,,13580.2,Cerrado,fecha_invalida
4381,20828,,3690.23,Rechazado,fecha_invalida
4382,24129,,11946.79,Abierto,fecha_invalida
4384,19251,,1884.59,Cerrado,fecha_invalida
4385,21646,,205.37,Abierto,fecha_invalida
4386,25828,,,Rechazado,"fecha_invalida,monto_invalido"
4387,17814,2025-10-08,,No especificado,monto_invalido
4390,11853,,,No especificado,"fecha_invalida,monto_invalido"
4391,24091,,,Abierto,"fecha_invalida,monto_invalido"
4392,19140,,13917.44,Cerrado,fecha_invalida
4393,17324,,353.18,Rechazado,fecha_invalida
4394,12753,,7349.74,No especificado,fecha_invalida
4395,10215,,8490.51,No especificado,fecha_invalida
4396,23780,,,Abierto,"fecha_invalida,monto_invalido"
4397,15752,,10805.1,No especificado,fecha_invalida
4398,15728,,14361.73,Abierto,fecha_invalida
4400,8617,,741.22,Cerrado,fecha_invalida
4401,11595,,,Cerrado,"fecha_invalida,monto_invalido"
4402,9628,,6696.06,Cerrado,fecha_invalida
4403,2842,,2899.26,Cerrado,fecha_invalida
4404,25612,,1492.54,Abierto,fecha_invalida
4405,3959,,627.09,Rechazado,fecha_invalida
4406,25582,,14505.76,No especificado,fecha_invalida
4408,21903,,,No especificado,"fecha_invalida,monto_invalido"
4409,8082,,-12646.94,No especificado,fecha_invalida
4410,10076,,7067.39,Abierto,fecha_invalida
4411,19896,,,No especificado,"fecha_invalida,monto_invalido"
4412,1728,,762.31,Abierto,fecha_invalida
4413,9630,,9736.59,Abierto,fecha_invalida
4414,9053,,14113.24,Cerrado,fecha_invalida
4415,21765,,9242.96,Cerrado,fecha_invalida
4416,7323,,,Cerrado,"fecha_invalida,monto_invalido"
4417,3083,,3389.56,No especificado,fecha_invalida
4418,12601,,188.77,No especificado,fecha_invalida
4419,23940,,9949.55,Cerrado,fecha_invalida
4420,562,,5890.82,Cerrado,fecha_invalida
4422,18434,,8430.56,Rechazado,fecha_invalida
4423,20516,,,No especificado,"fecha_invalida,monto_invalido"
4425,16601,,3176.43,No especificado,fecha_invalida
4427,19966,,,Rechazado,"fecha_invalida,monto_invalido"
4428,23407,,6736.28,No especificado,fecha_invalida
4429,24498,,2474.3,Abierto,fecha_invalida
4430,13574,,,Rechazado,"fecha_invalida,monto_invalido"
4431,8775,,4482.84,Abierto,fecha_invalida
4432,19313,2025-04-13,,Cerrado,monto_invalido
4433,1044,,770.81,No especificado,fecha_invalida
4434,14108,,4006.14,No especificado,fecha_invalida
4435,9358,,,Rechazado,"fecha_invalida,monto_invalido"
4436,7863,,7145.83,No especificado,fecha_invalida
4437,156,,5968.97,Abierto,fecha_invalida
4438,2160,,13565.5,Cerrado,fecha_invalida
4439,5564,,3762.51,Cerrado,fecha_invalida
4440,23764,,468.89,Rechazado,fecha_invalida
4442,15701,,1926.98,No especificado,fecha_invalida
4443,13635,,14537.68,Cerrado,fecha_invalida
4444,1176,,,Cerrado,"fecha_invalida,monto_invalido"
4445,1288,,10643.4,Abierto,fecha_invalida
4447,13543,,12768.09,Rechazado,fecha_invalida
4448,11156,,4367.45,No especificado,fecha_invalida
4449,15797,,6615.87,Abierto,fecha_invalida
4450,17545,,6398.15,Abierto,fecha_invalida
4451,5768,,5048.07,Cerrado,fecha_invalida
4452,14071,,11156.75,Cerrado,fecha_invalida
4453,15000,,1424.11,No especificado,fecha_invalida
4454,20707,,7280.05,Rechazado,fecha_invalida
4455,934,,2239.47,Abierto,fecha_invalida
4456,10896,,1730.23,Rechazado,fecha_invalida
4457,1638,,4542.53,Cerrado,fecha_invalida
4459,2861,,13227.44,No especificado,fecha_invalida
4460,5984,,,Cerrado,"fecha_invalida,monto_invalido"
4462,17638,,13699.16,Abierto,fecha_invalida
4463,6612,,14421.4,No especificado,fecha_invalida
4464,10527,,,No especificado,"fecha_invalida,monto_invalido"
4465,6580,,5471.71,No especificado,fecha_invalida
4466,9273,,10619.28,Cerrado,fecha_invalida
4467,6052,,8873.95,No especificado,fecha_invalida
4468,18255,,12368.94,Cerrado,fecha_invalida
4469,13487,,12767.08,No especificado,fecha_invalida
4471,9773,,322.13,Cerrado,fecha_invalida
4472,9324,,2688.16,Abierto,fecha_invalida
4473,9227,,1585.15,No especificado,fecha_invalida
4474,3246,,589.72,Abierto,fecha_invalida
4475,25546,,396.9,Abierto,fecha_invalida
4476,1017,,8206.18,Abierto,fecha_invalida
4477,25763,,10544.19,Cerrado,fecha_invalida
4478,11146,,3371.03,Abierto,fecha_invalida
4479,431,,13956.44,Cerrado,fecha_invalida
4480,15144,,4008.01,No especificado,fecha_invalida
4481,21021,,13090.96,Rechazado,fecha_invalida
4482,8080,,10298.79,No especificado,fecha_invalida
4483,23313,,9449.51,Cerrado,fecha_invalida
4484,2476,,7779.58,Cerrado,fecha_invalida
4485,4399,,14191.91,Abierto,fecha_invalida
4486,17879,,7142.66,No especificado,fecha_invalida
4487,17751,,,Cerrado,"fecha_invalida,monto_invalido"
4489,13084,,1995.71,Cerrado,fecha_invalida
4490,14892,,,Cerrado,"fecha_invalida,monto_invalido"
4492,8055,,5048.56,Abierto,fecha_invalida
4493,14297,,4963.6,Cerrado,fecha_invalida
4494,14612,,1756.64,No especificado,fecha_invalida
4495,18249,,2754.88,Abierto,fecha_invalida
4496,5574,,7123.41,No especificado,fecha_invalida
4497,5150,,2100.44,Cerrado,fecha_invalida
4499,5213,,4150.67,Cerrado,fecha_invalida
4500,22220,,,No especificado,"fecha_invalida,monto_invalido"
4502,8526,,13905.74,Rechazado,fecha_invalida
4503,20163,,6793.57,No especificado,fecha_invalida
4504,17235,,,Cerrado,"fecha_invalida,monto_invalido"
4505,16454,,8410.75,Rechazado,fecha_invalida
4506,9179,,,No especificado,"fecha_invalida,monto_invalido"
4508,25735,,273.0,Rechazado,fecha_invalida
4509,88,,2496.99,Cerrado,fecha_invalida
4510,3739,,14002.05,Cerrado,fecha_invalida
4511,9324,,2688.16,Abierto,fecha_invalida
4512,16110,,14818.54,Abierto,fecha_invalida
4513,679,,14161.93,Abierto,fecha_invalida
4514,22198,,1454.97,No especificado,fecha_invalida
4515,8925,2025-08-24,,Abierto,monto_invalido
4516,21581,,13247.47,No especificado,fecha_invalida
4517,5668,,11057.31,Cerrado,fecha_invalida
4518,16114,,,Abierto,"fecha_invalida,monto_invalido"
4519,8526,,13905.74,Rechazado,fecha_invalida
4520,8768,,2863.49,Abierto,fecha_invalida
4521,6051,,4083.6,Abierto,fecha_invalida
4523,19571,,8283.79,Abierto,fecha_invalida
4524,17879,,7142.66,No especificado,fecha_invalida
4525,17658,2025-06-09,,No especificado,monto_invalido
4526,18228,,13973.16,Cerrado,fecha_invalida
4527,20455,,,Abierto,"fecha_invalida,monto_invalido"
4529,15538,,14296.85,Abierto,fecha_invalida
4530,23938,,,Cerrado,"fecha_invalida,monto_invalido"
4531,18194,,2757.05,No especificado,fecha_invalida
4532,10760,,14910.95,No especificado,fecha_invalida
4533,6007,,,Abierto,"fecha_invalida,monto_invalido"
4534,23679,,6832.08,Abierto,fecha_invalida
4535,18662,,5421.05,Cerrado,fecha_invalida
4536,3145,,2935.1,No especificado,fecha_invalida
4537,13320,,4481.19,Cerrado,fecha_invalida
4538,24254,,4004.38,Cerrado,fecha_invalida
4539,9321,,597.85,Abierto,fecha_invalida
4540,11884,,11449.61,Cerrado,fecha_invalida
4541,8316,,,Cerrado,"fecha_invalida,monto_invalido"
4542,19676,2025-06-03,,No especificado,monto_invalido
4543,19947,,8801.03,Cerrado,fecha_invalida
4544,9984,,3062.03,Rechazado,fecha_invalida
4545,11966,,9243.01,No especificado,fecha_invalida
4546,6772,,9201.83,Rechazado,fecha_invalida
4547,9543,,14269.64,Rechazado,fecha_invalida
4548,6461,,411.68,Cerrado,fecha_invalida
4549,6843,,693.97,Rechazado,fecha_invalida
4550,7559,,6225.05,Abierto,fecha_invalida
4551,23121,,,No especificado,"fecha_invalida,monto_invalido"
4552,18789,,,Abierto,"fecha_invalida,monto_invalido"
4553,16274,2026-02-05,,No especificado,monto_invalido
4554,9968,,14685.51,Abierto,fecha_invalida
4555,18230,,3242.03,No especificado,fecha_invalida
4556,5828,,,No especificado,"fecha_invalida,monto_invalido"
4558,16785,,,Abierto,"fecha_invalida,monto_invalido"
4559,17498,,,No especificado,"fecha_invalida,monto_invalido"
4561,21219,,4325.25,No especificado,fecha_invalida
4562,21221,,9855.96,Cerrado,fecha_invalida
4563,10537,,,Abierto,"fecha_invalida,monto_invalido"
4564,17977,,1926.12,No especificado,fecha_invalida
4565,3284,,1771.01,No especificado,fecha_invalida
4566,20506,,14053.02,Abierto,fecha_invalida
4567,6857,,8031.05,Abierto,fecha_invalida
4568,8757,,581.68,Abierto,fecha_invalida
4569,8000,,10003.91,Cerrado,fecha_invalida
4570,16976,,10001.37,Abierto,fecha_invalida
4572,21089,,1043.91,Cerrado,fecha_invalida
4573,25777,,2080.21,Abierto,fecha_invalida
4574,22481,2025-03-30,,Cerrado,monto_invalido
4575,139,,865.09,Abierto,fecha_invalida
4576,15660,,12039.64,No especificado,fecha_invalida
4578,18230,,3242.03,No especificado,fecha_invalida
4579,9596,,-6745.26,No especificado,fecha_invalida
4581,13062,,,No especificado,"fecha_invalida,monto_invalido"
4582,6535,,14195.58,Rechazado,fecha_invalida
4583,11461,,6798.23,No especificado,fecha_invalida
4585,4946,,564.29,Abierto,fecha_invalida
4586,13535,,,Cerrado,"fecha_invalida,monto_invalido"
4588,14602,,3895.18,Abierto,fecha_invalida
4589,24753,,9243.95,Abierto,fecha_invalida
4590,10386,,3876.08,Rechazado,fecha_invalida
4591,22336,,6990.68,Cerrado,fecha_invalida
4592,2412,,1358.29,Rechazado,fecha_invalida
4593,3323,,1354.83,Cerrado,fecha_invalida
4594,5951,2026-01-19,,Abierto,monto_invalido
4595,19811,,,Abierto,"fecha_invalida,monto_invalido"
4596,9774,2025-05-10,,Rechazado,monto_invalido
4597,25535,2025-04-22,,Cerrado,monto_invalido
4598,6093,,,Rechazado,"fecha_invalida,monto_invalido"
4599,17641,,7746.44,Abierto,fecha_invalida
4600,15893,,3654.82,Abierto,fecha_invalida
4601,8973,,169.84,No especificado,fecha_invalida
4602,14699,,,Cerrado,"fecha_invalida,monto_invalido"
4603,21903,,,No especificado,"fecha_invalida,monto_invalido"
4604,21752,,,Cerrado,"fecha_invalida,monto_invalido"
4605,14029,,13356.62,Rechazado,fecha_invalida
4606,17248,,11834.59,No especificado,fecha_invalida
4608,9264,,12626.59,Cerrado,fecha_invalida
4609,19198,,10786.07,Abierto,fecha_invalida
4610,10983,,,No especificado,"fecha_invalida,monto_invalido"
4611,22410,2025-02-21,,No especificado,monto_invalido
4612,19239,,10098.65,Cerrado,fecha_invalida
4613,10643,,303.03,Abierto,fecha_invalida
4614,17643,,,Cerrado,"fecha_invalida,monto_invalido"
4615,3466,,,No especificado,"fecha_invalida,monto_invalido"
4616,12223,,5806.47,No especificado,fecha_invalida
4617,3953,,14622.5,Cerrado,fecha_invalida
4618,10239,,,Abierto,"fecha_invalida,monto_invalido"
4619,18897,,354.26,No especificado,fecha_invalida
