id_poliza,fecha_emision,id_cliente,id_corredor,id_aseguradora,id_tipo_seguro,prima,comision,monto_asegurado
10,2026-01-24,2281,69,13,3,791.38,67.44,20710.0
26,2025-07-29,2295,71,11,4,614.46,149.78,36670.97
45,2025-12-11,2278,66,3,11,1539.37,240.41,114732.26
49,2025-08-11,1122,2,14,4,337.32,69.59,47210.14
50,2025-02-22,717,49,15,10,518.78,86.45,66871.99
66,2025-03-04,1352,21,12,6,776.33,147.21,112829.12
74,2025-01-04,2814,64,5,7,1809.88,358.53,279782.46
82,2025-07-18,2392,21,3,4,0.0,83.63,33866.99
99,2025-05-12,490,57,1,1,716.12,159.79,23929.67
104,2025-10-20,3524,7,11,8,149.44,10.64,17925.05
140,2025-02-17,1227,48,8,5,1435.54,163.56,44225.55
159,2025-09-04,1637,5,2,5,748.78,82.65,84100.56
164,2026-01-16,851,50,13,9,501.92,62.0,81059.4
166,2025-05-09,2302,35,4,12,1924.36,409.1,50238.7
185,2026-01-04,1468,27,7,12,1852.09,243.81,347316.23
191,2025-11-12,837,34,12,3,1076.04,173.48,144639.86
200,2026-02-12,239,79,11,1,1218.97,181.78,225902.31
204,2025-11-27,2424,50,5,7,1614.32,388.18,80347.81
221,2025-03-15,2725,80,11,1,616.19,75.06,115464.32
277,2025-06-04,2165,16,13,12,113.44,11.06,22028.53
280,2025-06-22,1387,76,1,4,154.59,23.6,19097.08
285,2025-07-06,2457,37,9,5,1159.92,229.02,119625.01
288,2025-07-06,1378,72,4,5,738.72,128.9,59480.36
327,2025-06-30,184,7,8,6,256.39,36.77,17389.16
336,2025-11-26,1444,54,3,10,550.34,49.47,20954.52
338,2025-06-28,1141,75,3,2,1845.6,92.8,319554.79
414,2025-08-15,2278,72,11,12,867.96,132.06,147649.9
422,2025-08-07,181,4,8,5,1880.35,131.37,131698.52
429,2026-01-04,1774,50,7,5,987.28,127.17,119643.51
431,2025-03-27,21,56,2,11,1414.67,173.1,38629.85
441,2026-01-10,539,50,3,6,0.0,81.86,99567.79
443,2025-10-17,2491,60,1,3,566.75,28.78,105991.94
461,2025-08-09,1607,49,10,5,1391.27,131.33,260544.91
483,2025-10-18,1785,66,9,7,1906.65,335.86,68871.39
487,2025-06-15,777,20,1,10,1838.94,325.9,250058.9
498,2025-06-07,843,7,14,11,188.47,19.55,17873.98
514,2026-01-18,687,3,5,1,1046.69,81.8,95894.63
515,2025-03-15,2136,23,11,7,1808.77,450.96,326950.13
526,2026-02-08,284,65,10,8,1536.08,260.86,126568.35
549,2025-03-01,2373,37,2,3,1292.38,72.55,114912.08
557,2025-02-23,863,14,10,9,670.02,110.59,73438.18
560,2026-01-08,2145,74,6,2,0.0,369.91,304333.91
566,2025-02-18,2845,40,6,4,932.58,189.41,78318.01
577,2025-08-07,2064,75,12,7,1325.78,90.78,61776.9
596,2025-01-04,2287,14,9,1,426.27,65.37,24692.57
599,2025-04-28,2512,29,1,4,1914.82,387.89,161651.62
606,2025-09-09,2303,80,11,9,1042.34,242.2,51730.17
610,2026-01-19,1252,20,8,4,1498.15,152.4,188713.37
619,2025-06-16,960,23,5,3,1273.06,229.64,183943.29
635,2025-04-26,95,61,3,5,1792.02,440.47,214083.88
637,2025-12-12,2618,61,9,9,738.1,1128.07,82512.43
638,2025-08-12,2820,21,3,4,857.92,83.38,141656.39
642,2025-06-01,7,71,4,9,538.13,623.94,92726.9
646,2025-05-07,1510,65,13,10,656.59,131.69,19747.59
671,2025-01-26,2212,62,6,7,1493.07,319.17,283016.51
672,2025-10-15,2629,72,15,11,1656.21,243.95,179745.23
675,2025-01-05,1309,1,5,8,304.6,40.62,40321.87
679,2025-04-24,2080,36,9,8,916.53,116.12,152755.89
698,2025-11-29,1427,65,1,11,489.27,88.6,28382.47
700,2026-01-30,167,5,5,6,0.0,107.12,68413.82
706,2025-05-26,1414,65,12,11,329.7,76.02,31168.43
720,2025-08-07,2627,13,13,4,707.83,170.65,30130.25
726,2026-01-30,1507,38,4,11,216.37,34.06,34994.41
733,2025-04-26,1495,77,6,2,970.09,132.36,82527.5
740,2025-12-07,2140,12,8,3,107.75,10.65,8320.69
752,2026-01-12,2688,7,7,9,1608.17,109.04,67692.48
755,2025-12-13,1268,20,1,10,542.63,30.9,68862.65
773,2025-02-13,1516,42,7,8,1605.25,170.35,195063.2
781,2025-11-20,521,35,12,11,1377.36,280.27,258994.33
783,2026-02-14,2061,64,9,1,1305.84,189.76,83446.95
785,2025-08-10,1742,52,13,1,1399.54,92.82,58344.65
801,2025-07-25,649,46,1,6,737.38,60.16,73614.54
803,2025-09-17,1998,62,5,8,1587.48,2167.83,207934.12
819,2025-03-04,1881,11,6,1,107.13,15.95,2410.69
860,2025-07-19,2608,5,10,7,197.16,33.71,5230.01
879,2025-02-25,2781,76,9,11,487.84,73.85,41572.74
882,2025-07-14,1478,7,3,2,1615.12,339.75,260779.28
893,2025-06-14,835,38,3,9,1213.0,291.35,179137.64
896,2025-02-05,610,20,10,9,477.03,72.81,74022.02
900,2025-08-04,1336,8,10,5,1356.71,113.33,225001.5
906,2025-04-12,343,47,2,12,1583.43,353.06,57993.95
955,2025-04-03,1676,30,3,12,977.94,81.64,66113.44
966,2025-12-04,2375,24,6,12,1032.51,103.06,193961.45
997,2025-12-21,1248,51,14,4,229.38,56.54,36697.87
998,2025-04-30,928,72,7,4,1592.68,117.66,34820.96
1003,2025-02-17,2670,23,8,8,1637.64,320.4,280930.95
1008,2025-04-03,1405,56,3,9,-1353.29,182.11,209259.39
1014,2025-09-16,1236,78,8,6,799.9,95.2,149053.6
1015,2025-01-16,2369,45,2,9,1033.94,124.79,103482.49
1016,2026-01-07,2088,32,10,8,1060.94,55.62,184294.87
1028,2026-01-29,2004,78,2,1,1645.76,332.76,245058.91
1030,2025-07-21,1920,45,6,5,921.01,83.32,135943.27
1032,2026-02-05,1058,71,15,11,1978.63,104.08,356202.51
1038,2025-11-26,400,80,10,7,1470.37,259.13,88295.75
1044,2025-05-16,2156,20,7,3,904.25,209.02,54421.46
1065,2025-12-03,2527,17,6,6,1989.19,459.36,311684.97
1068,2025-09-06,1184,59,7,4,1907.66,460.53,362277.16
1091,2025-06-05,1032,59,15,6,101.14,14.26,7750.81
1099,2025-08-29,2966,21,7,2,1005.27,237.75,161375.41
1156,2025-01-31,1585,9,5,7,107.49,15.96,7081.97
1162,2025-08-17,256,35,14,4,1047.31,121.73,157185.5
1171,2025-04-03,272,72,2,10,699.83,97.22,112528.33
1184,2025-01-10,2557,50,5,4,1236.51,151.82,212721.14
1197,2025-04-24,2247,25,7,9,649.49,70.59,48913.59
1205,2025-08-07,218,40,10,8,829.03,196.49,87169.07
1214,2025-10-03,2147,10,7,2,1075.86,212.98,160338.16
1217,2025-01-11,292,63,4,2,1563.64,160.18,73871.74
1276,2026-02-10,218,72,3,5,223.93,13.04,21497.96
1282,2025-11-07,182,77,11,1,1327.05,231.46,113779.99
1290,2025-10-15,726,80,6,7,1876.63,243.12,59128.32
1369,2025-11-06,2599,20,11,1,1947.73,2417.69,333898.58
1373,2025-09-07,923,18,13,1,1370.8,160.63,167038.57
1382,2025-03-04,2010,31,11,4,761.44,67.94,34700.69
1383,2025-10-11,2030,71,8,2,942.34,60.02,73746.03
1395,2025-01-04,22,9,9,11,1388.48,71.57,156142.96
1410,2025-09-13,2934,80,8,9,1120.76,277.51,92953.74
1444,2025-01-04,224,4,7,10,1724.41,398.29,246822.17
1449,2025-05-01,31,24,9,5,160.0,12.62,17670.8
1454,2025-09-06,2203,74,4,8,1167.22,284.19,145966.4
1463,2025-08-06,1776,47,10,10,1784.43,309.88,50319.13
1480,2025-03-22,1914,33,15,1,1416.28,96.23,195234.95
1500,2025-10-07,2369,43,9,7,1239.16,212.62,245302.03
1537,2025-12-09,3821,6,6,2,74.62,15.94,11459.21
1569,2025-08-18,2326,31,5,7,1099.41,82.99,151116.55
1588,2025-05-19,844,12,15,3,1376.68,310.93,64519.62
1604,2025-11-03,354,16,9,7,367.22,72.1,40366.29
1606,2026-01-31,1387,59,6,2,1896.52,175.23,211678.11
1624,2025-10-03,1738,48,14,10,927.34,169.45,71920.47
1628,2025-06-20,2048,51,10,4,157.56,24.35,9256.94
1642,2025-02-25,574,66,13,12,1824.72,168.57,326778.47
1654,2026-01-28,591,26,11,6,1373.54,203.59,47744.18
1670,2025-10-29,690,50,13,7,611.72,123.84,104283.13
1684,2025-02-18,2231,48,4,4,270.73,17.73,25082.98
1685,2025-12-18,437,66,5,9,1870.58,410.98,117463.94
1686,2025-09-24,1913,9,7,7,428.51,73.83,64001.48
1691,2025-02-16,1649,50,5,4,1976.69,360.58,108066.89
1713,2025-03-25,413,51,13,12,1487.63,344.03,238195.71
1761,2025-07-20,2286,50,8,10,-1552.88,309.24,66184.0
1775,2025-06-17,2921,52,1,12,310.84,67.6,19315.0
1782,2025-03-18,1937,59,1,2,1864.27,221.58,354074.1
1788,2026-02-03,1696,45,1,3,1734.03,297.88,126757.4
1794,2025-07-04,1501,46,11,11,1967.46,125.14,62858.57
1800,2025-07-14,1029,67,11,8,326.35,32.0,51097.71
1832,2025-12-23,662,77,7,8,1019.78,151.25,78262.43
1833,2025-08-03,1639,30,4,5,410.3,62.54,10767.82
1843,2026-02-15,2054,73,11,4,1317.01,73.74,53666.7
1848,2025-03-16,1900,19,4,6,321.51,33.46,62202.18
1868,2026-02-11,2906,70,11,2,163.19,11.21,31636.45
1871,2026-01-24,1159,62,4,1,1784.93,385.11,215267.86
1883,2025-06-25,157,6,3,3,1143.24,275.09,77884.13
1884,2025-06-27,333,72,15,11,124.17,26.92,20466.14
1891,2025-04-26,588,63,2,5,792.65,94.91,57831.15
1894,2025-01-13,1335,12,5,4,1335.82,206.24,68993.54
1900,2025-02-27,741,13,5,7,525.73,78.76,71917.4
1912,2025-01-05,2668,72,5,2,1433.21,344.96,88369.28
1926,2025-08-28,2109,41,9,1,419.3,29.39,57025.51
1928,2025-09-21,14,4,5,2,549.57,132.34,30152.71
1929,2026-02-06,33,34,13,3,1889.05,402.01,354610.2
1942,2025-01-25,1415,17,2,10,-1076.43,186.76,57824.4
1943,2025-01-11,667,75,4,4,445.54,56.8,81602.05
1945,2025-03-30,1992,36,3,3,239.51,44.15,9622.16
1946,2025-12-13,1224,53,12,2,85.68,16.13,7710.95
1959,2025-03-28,1978,66,5,12,190.64,41.81,26704.85
1977,2025-07-26,884,77,15,2,818.87,144.4,107688.27
1985,2025-06-06,2629,15,5,5,314.28,19.25,35000.73
1991,2025-07-17,366,77,7,3,220.74,18.55,43252.05
2000,2025-08-09,1491,73,13,6,1181.87,133.77,29112.33
2002,2025-02-17,1583,61,3,8,154.29,12.19,11208.34
2010,2025-12-15,552,44,5,8,1735.07,424.5,137950.79
2022,2025-10-25,443,32,14,12,1857.25,373.58,368693.78
2058,2026-01-12,719,63,5,11,339.69,83.67,44824.5
2064,2025-05-07,2690,75,6,12,371.84,42.59,25141.34
2071,2026-02-11,2424,55,6,12,1173.5,77.39,44741.52
2084,2025-09-01,160,9,6,11,377.98,75.16,54240.77
2108,2025-02-06,1176,35,14,12,1432.05,106.29,178029.64
2111,2025-12-29,2730,49,7,12,807.04,174.02,32303.05
2113,2025-08-06,253,4,8,5,1055.65,247.32,182688.17
2117,2025-06-07,2005,3,2,11,204.93,13.67,11360.18
2132,2025-05-03,1018,47,11,11,509.62,28.4,68155.35
2136,2025-03-22,1893,35,15,7,-163.0,16.17,11889.33
2153,2025-07-01,1177,69,9,2,1458.35,283.24,158384.3
2154,2025-08-30,1849,32,2,2,68.24,5.73,11601.17
2161,2025-02-06,2554,10,11,12,497.42,97.87,92425.0
2165,2025-08-13,577,36,3,1,980.87,95.14,189390.39
2171,2025-05-25,14,36,15,7,787.02,43.71,24744.99
2184,2025-08-03,1071,35,3,4,1329.37,315.07,153324.29
2215,2025-01-29,1145,16,10,4,844.72,42.54,131419.39
2217,2026-01-02,2213,41,15,9,1793.35,191.21,96108.85
2232,2025-05-24,1312,47,5,10,219.38,44.07,12710.05
2243,2025-11-09,2954,70,11,11,157.99,29.32,6262.35
2244,2025-06-06,1758,4,4,7,1759.11,159.27,88677.1
2255,2025-06-25,1793,26,11,1,1924.99,323.96,246553.71
2259,2025-06-15,1997,40,10,3,-1649.25,154.77,191749.44
2279,2025-01-11,1133,58,12,4,347.06,51.42,66930.23
2294,2025-01-05,201,3,5,8,1428.44,91.41,175455.19
2297,2025-11-16,528,52,7,10,366.62,35.48,16176.98
2305,2025-03-25,652,49,15,10,663.22,42.86,90767.58
2337,2025-08-14,939,5,10,1,690.86,65.54,118345.74
2343,2025-11-13,241,76,12,4,1400.27,184.79,209277.57
2346,2025-08-20,444,63,6,7,786.92,146.68,60136.83
2350,2025-08-22,479,2,7,9,556.79,74.96,97943.93
2368,2025-12-16,1115,10,14,8,476.98,83.3,78664.25
2385,2025-02-05,518,13,1,2,1935.37,389.8,40688.16
2394,2025-11-12,2198,66,15,10,1772.74,336.14,216414.91
2398,2025-05-31,1853,72,3,1,143.24,12.65,19956.82
2408,2025-10-21,771,36,5,10,1433.76,91.05,196648.66
2449,2025-07-17,319,26,7,9,412.01,92.98,80772.99
2456,2025-02-25,1757,61,4,5,1929.1,336.06,231004.25
2468,2025-07-12,1253,6,12,1,854.6,203.7,33393.55
2496,2025-09-11,162,61,4,10,1259.17,154.61,77904.1
2511,2025-07-29,1682,43,9,11,200.67,44.08,26485.37
2552,2025-05-20,904,41,15,12,1516.66,150.47,179053.33
2566,2025-01-05,816,59,7,1,1836.96,309.39,230589.2
2580,2025-10-19,927,21,7,10,630.34,114.89,47371.88
2587,2026-01-27,1603,30,13,5,1792.6,441.74,320215.67
2605,2025-05-14,1689,38,13,3,139.94,7.35,14033.01
2618,2025-10-03,1716,10,1,2,67.34,6.06,2599.13
2635,2025-05-02,429,31,5,7,659.0,153.47,84782.07
2641,2025-07-30,1664,65,1,8,487.2,59.29,82246.9
2652,2025-05-31,2524,33,11,12,653.39,115.58,55807.76
2658,2026-01-17,1799,45,7,9,1778.86,307.11,276373.38
2661,2026-01-31,2046,41,2,2,1267.47,197.35,221361.08
2679,2025-11-24,2683,74,14,5,1638.42,395.88,222861.58
2680,2025-04-03,3710,28,2,6,1280.19,229.44,48994.84
2683,2025-09-17,411,42,5,11,66.25,11.28,12899.69
2688,2025-01-31,1174,41,11,9,414.79,25.71,38317.55
2690,2025-09-15,1113,17,14,7,1764.72,438.48,329827.71
2692,2025-07-21,2001,8,13,10,614.34,39.28,59376.03
2706,2025-07-02,1735,62,8,11,1604.73,285.5,86340.91
2711,2025-11-27,807,33,10,3,1388.27,127.91,188932.31
2714,2025-04-16,812,38,11,11,422.81,41.64,60069.7
2724,2026-01-27,940,24,6,3,942.91,93.19,93519.49
2732,2025-04-25,1292,29,7,1,867.01,130.12,164699.99
2736,2025-08-31,2916,21,12,10,660.08,52.05,22403.83
2738,2025-02-11,3721,80,15,8,1405.84,149.65,159373.81
2765,2025-02-15,1449,27,2,6,1929.91,98.94,299866.8
2766,2025-06-18,1629,9,5,2,1995.92,276.03,226975.0
2778,2026-02-05,1497,30,4,11,1377.83,283.22,27599.11
2784,2025-10-23,2284,32,2,12,236.17,46.36,18551.71
2793,2025-02-28,2716,73,12,1,539.22,55.45,66540.17
2797,2026-02-11,1522,80,4,10,1093.93,156.72,207792.88
2822,2025-09-27,2767,44,7,12,-1391.96,206.45,149315.34
2836,2025-02-02,1064,28,7,5,888.0,145.35,131733.7
2838,2025-01-08,1999,75,8,12,545.79,96.54,101152.45
2893,2025-07-22,2997,77,2,8,1314.17,113.54,130116.17
2926,2025-01-05,713,46,2,6,958.81,70.1,162118.82
2931,2025-07-13,1005,75,11,1,75.38,17.68,2893.7
2932,2025-04-19,2461,5,7,11,51.68,9.37,8808.87
2954,2025-09-21,2667,15,14,1,694.14,158.53,118657.32
2958,2025-12-17,934,50,2,9,1548.62,190.73,196445.78
2960,2025-04-27,685,73,1,1,1585.79,318.31,233027.76
2967,2025-01-05,2198,46,2,2,297.8,42.57,54508.11
2981,2025-02-25,1010,73,4,5,1856.85,189.37,259330.79
2997,2025-04-10,2297,76,6,4,638.65,106.84,21808.15
3001,2025-07-03,2066,63,3,4,800.01,79.69,70012.2
3018,2025-03-19,2053,72,1,11,494.99,39.9,10154.67
3038,2025-09-08,309,47,8,8,502.75,37.5,53512.46
3041,2025-12-03,2238,59,6,11,1095.55,100.53,156740.15
3057,2025-01-29,1351,44,7,8,1540.86,127.78,66335.26
3066,2025-12-24,2007,38,6,4,915.51,55.36,141396.65
3075,2025-02-23,1907,65,10,3,879.64,94.2,26338.59
3090,2025-10-19,2811,34,7,12,250.51,33.76,29287.7
3100,2025-12-17,1070,36,15,3,1420.43,127.12,30257.1
3108,2025-08-28,2100,65,9,12,1255.55,309.67,226894.73
3110,2025-04-22,2722,37,9,1,1318.28,269.93,209554.21
3131,2025-09-14,233,9,6,6,1223.14,101.75,100887.18
3154,2025-12-26,1172,74,13,5,439.21,23.11,13710.21
3178,2025-04-11,181,20,13,3,433.64,88.35,28166.77
3181,2025-06-01,2429,59,6,2,1387.89,301.61,176677.66
3202,2025-03-04,1300,47,7,11,1710.46,241.31,262118.49
3207,2026-01-07,2476,18,9,2,1012.33,148.64,70547.54
3220,2025-11-18,2128,47,9,6,942.0,228.48,81745.52
3221,2026-01-12,2540,21,14,10,1365.94,90.86,157242.3
3227,2025-07-22,349,63,3,9,1565.17,120.8,42629.09
3228,2025-05-09,187,24,8,2,0.0,205.07,63200.35
3229,2025-05-14,160,2,12,12,461.92,84.89,90201.59
3252,2025-12-22,1175,38,13,7,1230.91,210.98,166127.45
3264,2025-10-29,903,36,10,7,220.11,49.64,20091.47
3277,2025-10-16,937,41,5,9,1237.85,236.33,29915.47
3284,2025-09-10,789,76,3,7,1658.76,209.8,322345.02
3298,2025-11-28,2231,5,1,1,1539.83,261.78,199295.4
3299,2025-04-15,1042,53,8,1,767.1,174.59,43169.15
3302,2025-03-26,2807,3,5,9,1429.32,187.3,244181.84
3303,2025-08-01,2403,72,11,4,396.6,93.07,65779.47
3331,2025-05-03,1047,11,4,6,1249.63,187.38,35164.44
3362,2025-10-06,2683,20,13,1,1259.88,67.24,27736.02
3367,2025-09-20,710,51,11,10,0.0,241.98,163333.79
3389,2025-01-01,2740,69,2,8,-1626.21,400.73,167731.7
3393,2025-12-28,1552,72,3,9,1574.38,219.28,238996.99
3407,2025-02-21,2444,73,10,8,1403.46,327.1,119815.43
3414,2025-04-06,1039,34,4,4,1891.6,460.2,324821.4
3443,2026-02-05,1745,20,1,7,1791.71,211.84,193915.09
3480,2025-12-31,3528,98,3,4,1677.36,202.65,190375.17
3483,2025-12-23,1982,36,1,12,272.99,64.68,50990.24
3503,2025-12-15,744,79,14,4,1468.12,294.3,208024.37
3524,2025-10-24,2891,34,5,8,1872.48,94.77,324411.61
3526,2025-07-14,3550,21,9,10,1340.82,219.98,168637.17
3543,2025-08-11,1190,79,5,3,87.61,19.64,8771.13
3544,2025-09-13,736,55,9,3,1911.12,395.92,158755.95
3549,2025-11-14,322,18,6,8,494.38,87.53,25003.36
3580,2026-02-05,2983,16,2,9,624.24,130.01,57020.38
3583,2026-02-18,1230,19,1,10,1092.84,137.21,180153.62
3589,2025-06-20,2217,13,2,10,662.84,62.56,62414.73
3596,2025-11-01,1848,53,5,5,453.71,30.69,22638.39
3597,2025-03-28,742,37,2,5,1829.5,117.98,214088.95
3609,2025-03-05,2304,43,11,6,201.81,336.02,20993.38
3611,2025-08-16,1010,16,5,4,150.61,32.26,30073.3
3624,2026-01-01,1722,3,13,7,542.8,130.48,36639.03
3641,2025-12-26,2721,22,8,12,943.18,211.79,164672.36
3649,2025-10-09,1272,77,14,9,886.86,55.13,77598.71
3658,2025-10-03,628,31,3,11,0.0,126.13,313310.72
3667,2025-09-14,2967,39,12,12,1734.47,323.82,107767.82
3707,2026-01-08,901,68,5,9,-274.24,31.54,6211.47
3714,2025-05-02,40,39,15,5,525.81,112.63,24720.4
3752,2025-05-03,294,15,10,8,1583.56,133.07,304546.89
3757,2025-09-10,2805,15,5,10,202.53,27.61,18433.27
3761,2025-12-01,2524,63,2,3,274.53,39.49,22917.36
3768,2025-05-11,770,1,13,1,575.36,32.32,30954.73
3790,2025-03-23,673,18,6,5,637.52,146.91,87363.25
3810,2025-08-10,3552,7,12,1,262.93,60.84,16453.05
3818,2025-03-08,1912,60,6,5,1878.24,420.05,162215.85
3821,2025-12-18,2217,50,14,12,726.25,38.91,124016.12
3827,2026-01-24,744,19,1,9,1278.57,87.31,182729.7
3828,2025-02-17,536,66,5,1,1569.26,333.87,171362.99
3838,2026-02-04,453,57,8,6,966.22,213.68,164970.33
3851,2025-11-23,313,72,6,2,1740.5,420.45,279212.72
3855,2025-05-21,1070,35,11,5,50.86,7.2,2204.66
3859,2025-07-17,1747,12,1,3,1525.84,100.92,223031.86
3862,2025-03-04,1960,7,14,11,1393.89,186.08,259479.61
3875,2025-10-03,1343,2,15,5,1969.31,416.27,342612.29
3888,2025-03-20,2206,43,12,7,687.6,111.03,21458.48
3889,2025-05-18,1720,43,1,4,345.87,66.44,59985.57
3898,2025-09-05,987,36,12,8,618.38,53.87,20572.35
3899,2025-02-25,2607,6,3,11,126.99,10.32,20362.49
3909,2025-01-13,2940,70,13,10,625.28,81.99,30103.76
3915,2025-10-18,1949,28,1,2,644.27,41.27,23958.86
3939,2025-12-29,327,42,10,7,675.49,64.54,28103.86
3942,2025-06-01,955,9,10,5,785.38,155.93,80052.41
3953,2025-03-19,1168,41,1,8,794.33,86.06,73617.04
3962,2025-10-02,202,47,11,1,141.69,27.45,28035.43
3994,2026-01-27,674,5,14,6,72.83,8.78,11850.91
3995,2025-04-29,1946,69,10,5,1678.73,281.5,286442.34
3999,2025-03-17,85,41,14,4,1331.47,316.97,239524.85
4005,2025-10-21,1622,3,9,8,1792.5,308.47,235914.45
4035,2025-05-16,504,43,4,6,643.09,98.94,34605.23
4036,2025-06-23,2253,22,1,10,522.04,62.1,37862.14
4049,2025-10-01,2775,47,1,2,560.14,86.84,57233.59
4057,2026-01-07,2413,70,6,2,294.61,38.46,43710.54
4059,2025-09-14,1054,68,7,1,0.0,113.91,141636.37
4102,2025-03-25,1797,71,1,9,1765.19,91.92,213878.48
4109,2025-06-29,1435,32,3,12,1982.49,171.03,274626.86
4112,2025-10-19,339,66,11,3,1727.58,380.02,336182.44
4115,2025-11-02,1650,43,1,2,954.73,76.47,60175.69
4117,2025-07-02,930,61,7,7,263.43,18.89,45751.81
4123,2025-04-26,9,34,15,1,951.86,67.51,105297.07
4152,2026-02-15,1986,34,5,9,1738.8,293.4,206976.23
4177,2025-09-28,2872,53,11,12,750.97,171.46,28036.76
4178,2025-04-03,1413,39,9,11,1345.16,240.9,54913.53
4179,2025-02-17,2159,60,15,12,907.04,200.31,176845.7
4181,2026-02-15,607,33,2,6,1472.34,204.76,74159.91
4185,2025-09-17,2375,52,6,8,175.18,17.99,31775.18
4189,2026-02-03,2099,32,7,8,1229.34,2077.76,49317.28
4191,2026-01-13,3733,32,5,3,1345.26,91.86,222321.43
4214,2025-04-09,1022,73,13,10,1830.51,94.55,254883.11
4225,2025-07-25,1530,65,6,6,1486.25,301.26,266496.34
4226,2025-12-10,1793,12,8,3,1505.99,182.13,140974.84
4232,2025-05-05,306,10,15,6,818.27,193.15,31242.09
4233,2025-07-01,2663,50,8,12,598.5,83.96,47312.83
4238,2025-09-15,2341,33,1,7,307.86,50.76,8645.89
4253,2025-02-06,2143,9,5,10,785.47,128.34,155308.55
4264,2026-01-12,2761,74,7,2,1370.84,1794.89,37333.58
4270,2025-01-09,619,1,1,6,410.77,48.51,67444.03
4295,2025-06-18,2462,7,5,7,1113.13,219.04,187418.48
4297,2025-12-18,2620,57,2,5,991.83,136.94,195959.79
4330,2025-03-24,1629,74,8,10,718.28,87.39,104363.8
4340,2026-02-01,1827,80,14,4,1338.97,313.77,182955.91
4351,2025-07-26,1497,45,7,3,230.68,29.09,12428.73
4381,2025-04-17,1002,15,7,5,72.08,4.35,11742.8
4383,2025-01-29,1793,73,8,8,1448.17,89.05,106229.43
4391,2025-02-12,1172,2,2,10,149.96,32.46,26632.11
4414,2026-01-30,100,12,8,10,1710.57,168.89,327486.19
4420,2025-10-10,668,8,11,2,669.7,80.42,19298.58
4442,2025-10-03,571,30,2,7,698.68,109.64,66684.93
4444,2025-05-06,186,41,4,11,1078.97,106.19,114795.75
4484,2025-03-20,1203,43,9,6,349.56,52.12,14734.65
4499,2025-11-27,2081,47,14,3,716.41,146.78,51561.67
4511,2025-07-05,2634,22,2,6,1987.19,247.2,353211.56
4525,2025-03-26,2331,16,4,11,1267.15,228.71,39592.3
4545,2025-10-04,2619,61,1,10,712.8,97.1,62766.43
4573,2025-12-19,205,36,8,12,314.51,51.71,51411.46
4586,2025-04-19,2272,62,13,10,1961.67,100.91,43185.92
4597,2026-01-22,1276,54,3,4,408.26,99.79,57669.52
4609,2025-01-29,1548,36,13,9,1648.4,131.42,92362.01
4618,2025-06-20,1047,48,15,9,908.89,137.74,49684.58
4639,2026-02-09,491,52,3,9,397.01,22.18,46185.56
4653,2025-08-25,1943,46,11,8,1468.89,84.49,87359.48
4655,2025-08-31,205,32,2,1,134.83,15.62,5429.36
4660,2026-02-04,676,73,5,11,272.15,62.83,53236.45
4672,2026-01-09,166,29,15,2,797.48,183.04,106703.16
4675,2025-02-19,1738,51,1,4,479.45,116.45,48506.08
4682,2025-02-28,948,31,12,10,313.26,41.86,35741.27
4689,2025-03-28,1703,69,5,4,257.49,359.05,17889.67
4703,2025-01-18,89,69,15,10,1653.49,178.22,286372.63
4711,2025-07-11,438,36,6,9,820.74,87.33,141608.12
4728,2025-06-23,1985,27,11,7,1677.71,99.76,263335.65
4731,2026-01-14,2338,80,11,6,828.07,206.4,78217.76
4737,2025-03-21,382,63,12,11,360.74,69.1,9554.15
4745,2025-10-31,17,10,12,10,1962.36,127.07,331832.67
4747,2025-08-23,1130,50,6,10,221.56,49.46,8140.11
4752,2025-09-30,511,47,12,3,1000.38,181.79,166529.54
4769,2025-09-18,1600,38,15,12,91.84,18.85,5351.24
4777,2025-11-23,2701,63,3,6,571.27,95.07,90339.84
4788,2026-01-10,1980,43,8,6,327.85,65.22,13081.23
4789,2025-04-23,784,55,8,4,1459.64,128.13,49174.92
4795,2025-03-27,2264,1,11,5,434.91,86.97,84670.06
4815,2025-03-07,1892,4,8,10,706.93,168.16,35279.73
4832,2025-02-28,2813,17,9,6,1349.57,279.61,203754.28
4837,2025-01-16,2350,9,2,8,1992.67,421.71,260803.77
4841,2025-12-20,432,46,15,8,257.42,54.36,29188.9
4843,2025-09-29,1339,15,9,9,733.98,64.24,65329.87
4850,2025-07-17,482,9,1,7,1464.89,173.38,200070.49
4869,2025-01-18,2049,37,15,7,1102.71,110.78,50814.71
4870,2025-07-15,2782,34,11,12,406.03,34.63,61680.9
4873,2026-01-12,1987,32,6,10,752.44,38.98,52485.24
4882,2025-02-08,1771,13,7,7,163.9,36.13,21008.78
4889,2025-11-10,2805,80,9,2,1026.52,155.17,66073.89
4894,2025-10-27,1531,52,2,6,205.05,35.24,6577.21
4909,2026-01-08,2747,67,13,9,411.72,67.37,73299.25
4932,2025-08-30,1616,6,7,7,420.95,86.88,28026.36
4941,2025-08-28,1941,40,2,5,1667.22,83.77,82589.93
4966,2025-04-19,1114,12,4,1,899.89,83.88,142753.97
4972,2025-07-27,349,44,5,7,302.27,46.33,24409.2
4974,2025-09-15,2851,51,5,11,1345.42,273.31,73654.63
4984,2025-02-19,1480,3,5,2,864.44,66.73,111635.65
4985,2025-01-05,171,61,13,11,969.12,230.61,146688.9
4991,2025-10-14,2134,18,12,5,1298.41,232.35,127581.38
4992,2025-04-27,1444,60,3,3,679.74,142.51,125220.2
5012,2025-10-23,19,10,1,12,1581.68,263.6,271920.81
5025,2026-01-11,2070,28,5,5,165.34,38.47,9304.92
5036,2025-05-25,822,51,14,6,1873.32,273.59,75187.56
5041,2025-03-23,397,66,10,5,1795.95,125.14,219413.86
5043,2025-08-25,952,20,13,6,189.61,21.64,13520.98
5048,2025-10-30,324,53,11,7,1336.24,293.25,39889.27
5050,2025-08-22,431,66,2,11,79.91,9.97,10916.37
5051,2025-06-29,2639,48,6,7,933.35,172.37,28994.07
5060,2025-04-22,1041,46,3,5,1680.9,177.18,174329.98
5137,2025-09-03,1651,23,6,7,1436.77,127.3,29498.77
5141,2025-12-10,1294,72,11,10,1569.44,368.37,207627.95
5155,2025-07-23,2865,62,4,1,1293.97,108.71,79187.21
5170,2026-02-15,1423,61,6,10,1560.12,259.99,230446.95
5172,2025-05-15,1564,46,10,5,172.62,11.29,19124.62
5190,2025-01-14,1501,36,6,7,1116.22,91.47,180936.75
5191,2025-09-20,2777,65,3,10,994.76,91.38,34551.8
5193,2025-03-29,1152,47,1,12,1381.0,280.18,206998.77
5211,2025-12-08,124,70,5,5,614.34,34.66,34193.83
5214,2025-04-28,1992,35,1,5,115.13,15.01,15728.26
5228,2025-08-07,358,50,12,10,1989.54,290.48,74887.67
5242,2025-09-28,290,47,7,5,511.28,86.21,25730.85
5255,2025-07-09,2244,6,11,9,162.15,18.89,22699.79
5262,2025-06-16,2732,26,3,12,324.79,41.26,45291.07
5265,2026-02-03,2250,37,14,8,1845.28,281.01,139855.03
5287,2025-01-12,377,74,11,10,882.7,121.67,65495.31
5314,2025-06-26,2450,49,11,3,706.82,90.61,52421.46
5315,2025-09-05,1530,27,10,4,1166.11,61.67,26176.26
5316,2025-03-20,1142,56,5,8,0.0,73.2,188719.2
5320,2026-02-10,2524,34,8,9,682.96,111.73,27654.16
5324,2025-09-15,917,6,4,8,708.57,116.02,54270.67
5328,2025-10-21,1361,80,7,7,1375.51,284.33,83623.39
5335,2026-01-20,1637,7,13,5,1496.07,267.18,133549.76
5338,2025-05-22,2651,79,8,8,819.83,123.01,34516.38
5340,2025-08-14,2780,14,7,1,1166.18,228.29,176765.63
5351,2025-04-22,726,24,14,10,1546.93,115.46,269453.1
5367,2025-07-03,965,80,8,12,868.0,94.76,39320.47
5385,2025-11-13,984,4,12,1,770.86,149.97,143093.1
5413,2025-04-25,1567,26,12,8,1182.07,1402.98,223811.31
5425,2025-07-19,2714,61,3,3,617.85,154.34,108003.39
5427,2025-06-22,2608,64,8,7,1223.23,151.95,233552.98
5428,2025-06-05,217,15,11,3,493.72,62.59,43678.77
5436,2025-06-11,910,66,12,12,378.88,81.61,67722.39
5448,2026-02-19,1035,4,11,9,1628.22,366.92,58727.83
5450,2025-10-04,712,37,9,8,925.03,105.73,175356.21
5472,2025-09-20,897,1,3,12,1319.77,67.86,133147.28
5473,2025-05-07,2918,26,9,8,580.73,99.66,76888.38
5475,2025-12-25,2668,58,3,9,712.96,127.9,141188.82
5480,2025-07-19,2082,29,13,4,88.29,16.13,11173.06
5489,2025-09-20,1979,36,14,8,418.64,89.66,28205.23
5491,2025-09-02,2198,8,1,2,476.67,72.74,40550.98
5499,2026-02-15,255,32,7,7,1103.27,251.32,58725.82
5502,2025-04-05,1176,17,7,5,1448.14,153.34,164660.51
5514,2025-01-22,1867,29,14,2,769.79,174.51,126750.85
5528,2025-01-20,2908,40,15,7,953.27,170.41,76696.88
5541,2025-03-30,2569,76,12,9,94.35,17.65,16552.28
5551,2025-04-28,2316,21,11,6,485.61,65.91,66239.06
5566,2025-03-17,2485,48,13,10,1336.81,107.68,146670.38
5579,2025-10-16,208,70,11,10,1391.76,334.79,257068.0
5604,2025-05-07,648,42,6,1,1324.1,275.52,107396.46
5624,2025-08-30,89,62,14,7,1404.51,268.14,226212.45
5644,2026-01-31,988,41,6,10,1252.74,302.5,25250.04
5665,2025-05-28,2369,2,10,12,1526.28,91.35,35685.26
5667,2025-11-18,1260,25,7,12,932.32,224.98,59819.27
5670,2026-01-15,3603,41,6,2,1911.81,387.13,163649.66
5677,2025-06-15,778,69,8,8,380.42,42.7,74677.15
5683,2026-01-19,2121,36,15,11,1765.6,137.86,80379.65
5692,2025-07-18,950,68,15,9,1062.1,120.88,60247.37
5709,2025-04-08,3695,36,8,5,-1202.25,99.84,237348.17
5720,2025-11-14,2975,16,9,6,962.71,101.95,72339.31
5723,2025-08-24,1214,66,2,1,594.41,55.79,90855.01
5726,2025-02-10,2267,63,14,11,-519.05,70.03,97334.6
5736,2025-06-17,825,28,12,3,225.54,39.06,9204.72
5745,2025-04-30,2785,13,14,4,970.7,214.37,60759.0
5746,2025-10-31,682,75,2,11,1851.64,379.75,355868.76
5792,2025-07-27,1492,65,13,3,0.0,110.03,257939.36
5800,2025-07-06,573,53,6,3,738.18,84.74,83686.1
5810,2025-11-19,719,23,8,12,1993.65,126.87,318555.97
5826,2025-07-07,2883,59,6,3,273.68,47.17,50249.82
5839,2025-07-24,1598,14,6,5,131.24,19.41,22698.88
5849,2025-05-23,2449,59,12,8,1152.8,122.65,160433.13
5859,2025-12-07,287,57,8,1,988.71,190.51,113470.78
5875,2025-11-09,427,2,5,2,50.16,3.99,8490.62
5879,2025-09-07,1577,69,7,3,1491.74,299.97,112183.64
5896,2025-09-16,428,97,14,1,1579.96,285.72,273136.69
5911,2025-09-24,1754,17,12,4,630.58,128.2,53811.92
5941,2025-03-01,1834,76,7,1,944.01,111.81,152164.62
5962,2025-09-03,626,77,4,10,786.79,144.97,91337.03
5966,2025-05-07,2627,29,5,4,260.36,24.3,47911.66
5978,2025-03-07,1232,20,13,8,79.25,5.32,8199.2
5989,2026-02-17,3705,1,4,7,635.39,138.22,112917.47
6013,2025-09-13,2273,18,1,3,1008.5,199.05,133709.61
6017,2026-02-02,2714,39,14,11,661.65,157.47,52310.76
6021,2025-11-29,2662,37,7,12,-1712.15,250.29,53238.37
6028,2025-02-27,429,34,13,9,1114.6,230.24,74385.48
6033,2025-10-05,2228,40,6,2,750.59,69.76,143256.64
6073,2025-08-11,161,36,6,1,1250.35,167.11,85339.9
6085,2025-06-23,1652,49,2,12,600.06,124.74,94613.02
6092,2025-04-20,65,62,4,6,305.61,49.17,9702.07
6094,2025-06-04,2635,16,14,4,94.22,20.64,7766.01
6100,2026-02-18,671,73,6,9,1651.66,294.82,37929.28
6103,2025-07-18,2730,55,8,10,1614.45,119.16,90901.76
6108,2025-10-08,2253,14,3,6,1302.9,82.48,96874.68
6109,2025-03-04,131,27,14,1,116.97,25.33,3543.84
6117,2025-09-14,126,35,3,10,1441.28,159.11,126549.14
6124,2025-08-05,736,17,1,5,721.67,72.51,40851.34
6131,2025-12-27,881,32,6,2,1758.5,263.9,191371.76
6148,2025-11-18,1259,52,12,11,1595.3,235.07,115436.27
6155,2025-01-21,2085,21,8,6,1433.32,341.34,212534.04
6186,2025-07-18,1497,36,12,12,1450.14,132.94,227746.09
6192,2025-10-14,763,17,11,8,793.41,93.4,115835.22
6203,2025-01-21,387,31,12,11,1083.95,192.8,50879.03
6213,2026-02-20,2846,4,6,11,1993.04,105.41,290532.04
6215,2025-04-09,599,43,13,11,772.05,97.39,111191.5
6225,2025-02-07,671,72,12,11,1316.06,319.86,216199.74
6228,2025-03-08,985,27,15,7,1437.59,207.03,224293.55
6263,2025-12-11,1588,78,11,8,1565.79,217.66,175686.94
6271,2025-07-01,2218,70,7,9,478.1,45.28,70451.23
6272,2025-10-19,738,34,12,5,561.86,83.98,68908.61
6289,2025-02-14,301,20,11,10,981.6,201.1,56218.47
6290,2026-01-15,2953,28,5,5,1056.23,160.02,172985.12
6301,2025-07-09,1360,67,6,9,382.94,46.19,49569.52
6310,2025-02-04,208,76,7,6,1813.03,343.02,78688.51
6314,2025-04-27,1139,62,3,1,1742.95,87.77,247803.36
6333,2025-07-04,1337,52,6,9,0.0,159.81,183123.37
6356,2025-03-06,1690,27,10,8,76.34,7.8,14590.72
6358,2025-09-04,392,63,4,9,750.23,130.14,146561.43
6361,2026-01-31,2354,40,12,6,99.98,18.67,13015.25
6373,2026-01-26,249,61,14,4,1040.38,81.61,79524.66
6376,2025-11-12,1035,8,2,9,558.89,86.58,87920.82
6393,2025-07-07,845,19,15,5,1853.16,434.62,365874.53
6397,2025-04-27,1634,47,13,1,462.04,60.78,17647.16
6400,2025-12-20,1923,58,8,3,288.93,517.19,46838.9
6406,2025-01-12,1494,77,8,8,1176.58,64.03,220725.36
6411,2025-09-09,1702,34,7,9,769.37,141.61,32368.33
6422,2026-02-03,2565,20,2,6,500.96,116.52,32220.91
6425,2026-01-17,2431,29,10,6,1473.13,197.75,194307.99
6426,2026-01-31,2896,23,12,6,904.15,74.22,65690.98
6444,2025-01-09,1003,9,12,8,707.84,158.04,99642.19
6445,2026-02-15,515,42,2,3,1089.84,269.12,71753.34
6449,2025-09-01,131,71,15,2,1659.89,333.79,79869.72
6451,2025-08-22,1759,74,7,12,477.9,42.58,84668.61
6458,2025-01-30,1179,5,11,1,572.07,57.54,83301.8
6462,2025-11-24,2855,32,6,10,182.08,207.72,24957.63
6472,2025-09-02,2948,33,6,9,1650.19,370.06,169665.2
6486,2025-10-03,1870,28,8,3,154.19,35.78,23535.28
6518,2025-03-20,1346,35,5,4,166.31,14.28,16394.18
6527,2025-03-26,2872,26,6,10,1329.44,266.99,114547.33
6543,2025-02-12,1978,52,2,7,736.57,116.09,94637.23
6553,2025-11-27,1269,23,7,7,956.39,61.44,186531.58
6566,2025-01-28,2010,64,2,9,1994.4,462.19,391198.8
6577,2025-07-20,1845,45,1,4,1306.27,122.84,192931.02
6601,2025-09-14,2444,1,12,12,1420.37,188.55,190244.79
6613,2025-10-03,2089,12,10,11,1587.9,146.38,264943.57
6616,2025-05-05,397,52,6,1,897.12,83.89,75687.09
6625,2025-11-21,498,46,15,5,773.37,117.22,26638.57
6631,2026-02-07,1543,37,9,11,1236.6,251.15,98830.18
6644,2025-03-12,1256,76,9,6,54.93,5.45,5742.84
6651,2025-06-21,2965,5,5,12,1695.98,316.26,247829.98
6660,2025-05-06,2312,51,9,9,586.71,126.15,75805.98
6662,2025-11-08,572,33,5,12,415.9,32.69,60287.5
6664,2025-08-07,1025,66,4,11,101.52,23.08,2448.35
6681,2025-01-31,80,18,6,3,1567.0,353.92,153435.05
6688,2025-12-28,817,62,11,10,1372.71,206.56,180607.22
6702,2025-11-27,2292,51,13,1,518.49,33.69,48343.22
6704,2025-10-02,490,42,10,10,658.13,69.61,53122.73
6705,2025-05-22,309,26,5,1,162.27,28.85,6557.9
6709,2025-11-29,68,20,6,2,1342.53,67.21,118176.88
6722,2025-11-26,2271,51,13,2,1580.27,292.22,234715.21
6726,2025-04-23,1360,74,7,2,1869.51,119.87,156539.12
6729,2026-01-05,1833,73,13,12,1034.11,178.99,118541.57
6735,2025-02-15,1640,53,11,8,535.77,97.35,23073.27
6758,2025-05-25,1836,73,10,8,412.62,72.33,22306.08
6777,2025-08-15,2998,65,13,5,1058.56,221.66,95166.92
6780,2025-08-21,1823,59,9,4,0.0,137.14,123543.56
6786,2025-03-09,2134,60,8,9,0.0,157.0,260464.65
6787,2025-01-01,1611,63,15,8,266.17,20.15,7982.96
6810,2025-12-27,892,12,9,2,993.38,140.3,81081.9
6815,2025-06-29,1382,54,11,1,1631.08,332.86,265517.59
6825,2026-01-19,3000,1,8,2,1050.52,175.36,116896.66
6828,2026-01-31,219,53,13,4,1849.16,360.09,363037.58
6840,2025-09-05,842,54,12,11,914.44,76.55,169673.07
6862,2026-01-18,1718,9,1,10,90.99,15.82,13628.13
6868,2025-04-15,1273,12,8,7,1401.12,214.77,257281.25
6881,2025-04-07,720,51,2,9,1492.66,314.92,43749.56
6882,2025-04-05,1684,14,6,11,829.34,130.94,134007.26
6894,2025-07-30,2273,64,11,4,563.23,118.55,69221.02
6896,2026-01-23,2549,53,3,10,776.66,160.33,71858.98
6901,2025-04-22,1520,48,15,4,384.74,24.0,45818.6
6911,2025-02-21,3568,19,5,4,907.15,122.71,160939.06
6915,2025-07-15,6,54,10,3,320.2,64.03,33943.12
6923,2026-02-05,2615,73,14,1,1257.29,255.98,118398.26
6947,2025-05-14,1618,10,5,5,1034.37,183.44,101957.05
6948,2025-05-29,2043,8,15,10,494.16,52.56,32944.38
6952,2025-10-24,721,43,2,12,185.25,17.31,22145.05
6955,2025-10-18,2922,66,7,1,1286.46,194.71,235899.36
6962,2025-12-21,2082,39,14,8,1240.6,250.11,172069.57
6974,2025-12-03,698,37,11,10,132.11,17.81,24600.02
6982,2026-02-13,1411,69,1,6,574.8,44.82,98912.26
6994,2025-05-13,2814,45,1,7,1173.0,76.26,219686.54
6999,2025-12-20,2810,47,1,9,172.98,36.13,16477.58
7003,2025-12-29,1871,48,14,6,1779.95,144.53,86458.57
7036,2025-09-11,1503,33,12,10,1367.89,163.67,182873.28
7042,2025-03-06,1441,55,2,11,497.92,79.48,86679.8
7047,2025-11-22,1692,18,6,6,1133.32,68.24,186876.75
7061,2025-04-14,2826,27,7,6,815.73,196.3,65402.52
7062,2025-09-28,1948,55,13,2,271.26,24.97,23575.9
7070,2025-01-16,2203,57,8,2,1800.24,347.18,142340.74
7073,2025-08-24,1268,21,15,5,1121.98,117.14,201974.8
7079,2025-06-03,1965,3,13,10,1953.09,291.97,99624.01
7081,2025-01-02,368,55,10,1,1197.77,146.98,50471.5
7087,2026-02-16,1915,65,9,2,795.7,47.07,17598.83
7090,2025-10-14,1483,65,13,7,690.71,60.16,25802.51
7093,2025-07-08,2268,54,14,7,1880.4,402.17,84167.57
7094,2025-02-03,1204,29,5,10,1230.6,296.51,215018.93
7097,2025-06-23,2418,11,2,10,526.46,64.94,89410.98
7104,2025-02-03,2194,46,3,4,1845.57,98.53,105097.0
7116,2025-10-22,104,62,3,4,562.24,98.37,31094.55
7123,2025-08-17,1099,70,7,10,429.79,61.34,57116.17
7132,2026-01-28,418,11,12,7,927.24,171.51,123039.75
7154,2025-09-28,333,57,9,2,149.85,25.95,17453.76
7166,2025-07-21,2388,45,4,11,1357.24,253.76,264355.77
7175,2025-04-01,1797,32,3,4,1119.68,221.68,130255.33
7190,2025-11-04,468,58,3,4,1489.43,98.08,82002.22
7191,2025-05-22,2827,32,14,8,117.44,20.14,19480.85
7194,2025-02-11,1114,38,1,2,984.1,185.67,135740.9
7210,2025-11-11,534,26,15,10,620.27,52.92,99116.65
7232,2025-10-17,2642,49,15,12,953.32,230.48,67041.37
7254,2025-06-06,1257,45,15,12,927.36,169.58,102217.97
7258,2025-02-05,1063,10,4,6,1786.44,283.89,96533.94
7262,2025-06-06,1649,38,2,7,1216.85,80.73,60288.89
7265,2025-07-16,1439,56,9,8,143.33,8.01,3077.07
7270,2025-06-21,2505,74,15,7,449.99,63.27,35835.77
7282,2025-06-21,2576,53,2,5,355.64,27.97,35390.77
7284,2025-10-17,116,22,4,5,913.09,1542.73,24940.49
7288,2025-05-04,2907,63,1,7,1215.92,238.18,103405.56
7298,2026-02-19,1655,5,2,1,1389.75,165.58,58370.75
7299,2025-10-31,887,5,4,12,528.05,120.59,27901.3
7330,2025-12-02,2269,7,15,10,1739.66,174.33,299246.21
7331,2026-01-29,124,19,12,4,0.0,27.23,48649.46
7332,2025-11-02,2655,116,6,5,-414.35,84.85,19050.14
7362,2026-01-05,2632,40,1,7,349.99,25.52,33400.64
7363,2025-10-03,2185,52,10,9,1024.37,172.4,137558.75
7377,2025-01-20,2750,60,7,12,1744.56,166.43,249292.1
7379,2026-02-05,944,49,15,12,470.41,102.07,66697.11
7410,2025-04-24,2627,4,15,4,1310.1,210.88,85066.18
7415,2025-01-23,1131,41,5,12,880.79,105.39,150956.37
7426,2025-01-04,148,24,7,4,1979.1,373.73,375572.14
7429,2025-12-21,248,35,10,1,1279.55,85.21,106009.5
7431,2025-07-30,1930,45,5,9,384.54,61.04,70618.29
7452,2025-01-21,3663,21,12,7,278.99,25.96,11231.81
7459,2025-08-13,2001,3,5,4,1477.91,1816.38,73969.89
7462,2026-01-10,1589,62,11,5,1107.94,187.23,176408.12
7478,2025-12-24,1910,55,15,8,159.96,10.77,11566.57
7486,2025-05-14,2103,47,3,3,1749.98,367.05,153467.71
7488,2025-06-27,828,19,6,12,1585.24,96.6,98141.6
7502,2026-02-14,1436,52,8,9,86.14,6.78,11543.93
7525,2025-12-23,800,34,2,6,388.31,83.9,13031.14
7533,2025-02-22,3730,51,14,4,1054.6,194.94,148781.5
7541,2025-03-05,2937,61,11,3,-915.28,58.29,64910.6
7557,2025-04-08,1767,25,6,3,854.01,73.88,106881.68
7558,2025-10-14,2895,68,12,10,715.84,68.54,76807.55
7569,2025-01-02,1500,66,12,6,559.52,101.06,53825.36
7573,2025-06-15,243,56,15,3,974.92,133.21,85994.23
7589,2025-04-23,22,25,10,4,549.27,124.64,57213.82
7591,2026-02-19,992,48,10,4,1936.71,115.97,324162.53
7592,2025-05-30,947,35,2,8,270.19,38.64,47919.14
7627,2025-09-03,2501,3,15,11,1487.28,296.96,278028.61
7631,2025-06-18,1523,29,8,4,640.87,34.42,86414.2
7650,2025-05-28,257,25,6,7,1666.76,160.72,304486.77
7667,2025-05-21,2925,36,2,3,1704.77,326.48,124814.59
7677,2025-01-13,770,2,6,5,1586.81,351.38,166153.4
7686,2025-02-05,3532,23,3,3,1972.98,319.66,124248.87
7698,2025-11-10,632,75,10,6,311.69,18.1,19401.36
7715,2025-10-31,751,69,12,4,1813.89,315.1,112249.12
7735,2025-05-14,1287,6,2,12,479.66,98.84,76427.83
7741,2025-04-04,2556,2,4,1,1058.52,249.63,47109.0
7742,2025-03-19,817,14,13,6,1157.23,117.4,70803.17
7779,2025-07-15,1205,39,13,8,446.23,38.26,49929.74
7787,2025-09-01,2321,40,15,1,1903.24,238.69,380620.42
7792,2025-06-30,1161,59,8,12,1557.36,242.4,280576.71
7798,2025-02-10,2645,52,10,6,533.6,131.61,12965.22
7811,2025-09-20,410,76,4,3,957.75,51.33,60526.39
7822,2025-03-17,163,71,14,9,243.03,20.92,42468.27
7831,2025-07-02,1116,38,4,2,269.46,22.87,42538.35
7832,2025-09-23,987,12,11,9,826.53,134.36,121739.21
7839,2025-05-25,1385,40,13,10,1746.62,372.88,238148.16
7857,2025-01-11,1025,20,2,1,1906.67,322.13,253441.09
7872,2025-01-13,2461,78,2,6,1913.99,445.76,101843.11
7882,2025-09-15,2658,63,11,1,819.67,173.61,51658.98
7884,2025-12-01,1098,50,15,1,953.53,192.45,120652.16
7886,2026-02-15,2150,53,5,4,1693.35,323.51,49058.45
7892,2025-01-22,510,2,6,9,1812.36,235.24,52654.04
7896,2025-02-03,580,71,14,11,546.86,63.89,60248.05
7913,2025-09-22,511,15,3,4,386.16,37.04,26392.37
7916,2025-03-15,2729,76,9,10,594.41,49.87,12018.01
7924,2025-01-02,33,59,8,9,726.7,81.96,21455.47
7939,2025-11-12,2918,59,7,1,1357.27,164.23,189064.45
7942,2025-04-16,2091,79,1,1,1757.41,217.43,133262.19
7949,2025-12-02,1406,55,3,6,607.07,49.3,102093.85
7965,2025-05-10,524,54,1,3,1464.31,132.35,100867.29
7984,2025-10-25,2000,10,2,9,872.9,61.75,139250.8
7996,2026-01-30,2952,70,8,11,1193.08,177.76,78114.44
8006,2025-03-19,612,76,15,5,644.82,66.99,39111.94
8019,2025-05-07,1453,65,3,8,208.75,19.08,18345.43
8026,2025-06-18,380,22,15,4,885.42,99.56,119240.28
8040,2025-03-12,2044,73,11,4,275.48,18.3,42683.9
8047,2025-07-06,2624,73,5,1,1235.58,265.99,102239.47
8054,2025-09-28,2979,39,6,6,787.17,61.79,114756.16
8057,2025-06-24,1794,56,9,1,1224.1,227.61,242036.61
8058,2025-12-11,2435,15,15,11,1169.02,198.04,173348.54
8068,2025-01-26,2884,25,7,5,1471.74,258.35,60940.63
8070,2025-08-11,520,60,7,8,1337.68,117.17,99003.25
8071,2025-02-23,1364,32,8,2,1934.02,420.11,52353.72
8091,2025-04-22,1703,71,1,3,761.47,163.82,105013.88
8096,2025-02-10,681,9,12,2,432.85,34.56,77556.24
8098,2025-02-03,615,4,5,11,1145.38,64.35,139609.95
8111,2025-09-04,1799,95,3,3,1029.76,100.3,67201.04
8115,2025-05-02,2045,26,5,8,1534.57,370.71,120252.45
8116,2025-06-27,806,30,12,11,1386.78,101.8,119981.42
8119,2025-05-17,2756,73,6,5,1379.25,289.41,75959.36
8126,2025-05-13,1803,70,3,3,1571.96,375.81,221121.8
8129,2025-08-11,280,4,14,9,186.38,20.11,26393.39
8152,2025-11-07,440,34,13,1,1563.13,172.64,111607.12
8154,2026-01-14,2466,55,3,11,1847.74,251.87,312896.4
8168,2025-02-10,669,41,7,11,557.91,84.5,70972.59
8169,2025-10-31,1947,47,8,4,1150.26,144.31,62764.15
8176,2025-07-07,1930,8,5,10,276.89,32.15,43940.52
8184,2025-07-18,1748,46,9,12,264.88,19.85,12522.84
8191,2025-06-02,1866,22,2,4,995.44,76.89,104455.73
8218,2025-10-17,1038,43,10,9,159.85,11.14,14346.76
8221,2025-03-05,1133,23,11,5,0.0,301.46,102799.55
8233,2025-04-02,1285,28,13,10,505.34,31.31,27258.18
8243,2026-01-02,1223,46,9,1,979.41,155.44,160364.04
8254,2026-02-14,1888,68,5,6,498.76,59.81,39767.88
8260,2025-04-05,2636,56,2,3,1389.28,244.94,194511.37
8289,2025-01-22,1298,9,2,12,1882.28,208.31,364796.57
8305,2026-01-27,2272,9,3,6,437.89,58.65,31919.08
8321,2025-10-10,1513,60,5,3,1662.2,243.32,142443.48
8330,2025-07-03,2543,34,14,11,1266.89,216.64,162382.7
8335,2025-05-30,1943,54,13,5,1268.36,102.68,178705.4
8336,2026-01-07,42,77,10,12,428.86,70.2,25725.67
8354,2025-10-16,902,40,15,1,1086.55,264.2,190581.71
8363,2025-03-03,776,68,14,8,910.89,183.23,75020.8
8364,2025-12-28,880,50,6,9,1495.46,131.67,122909.84
8375,2025-05-24,2225,60,2,4,559.24,31.61,41779.08
8379,2025-02-18,2532,6,14,5,1554.89,120.39,122398.69
8384,2025-10-21,1912,68,7,12,1722.52,319.65,145763.58
8395,2025-12-22,53,25,10,8,-504.22,110.47,75223.24
8396,2025-01-28,1874,66,6,3,337.74,24.41,57014.04
8417,2025-08-21,1330,60,2,1,113.85,10.98,17932.88
8423,2025-06-29,2318,49,13,6,1636.15,397.75,158167.78
8427,2025-10-02,2021,18,9,10,1029.21,156.01,118500.29
8442,2025-04-11,285,59,11,12,398.44,98.41,24571.07
8448,2025-09-04,953,14,10,4,446.69,57.27,30367.13
8463,2025-04-01,628,18,4,11,927.3,90.55,96083.65
8464,2025-12-19,834,61,7,7,277.12,66.13,52548.68
8487,2026-01-31,1034,3,15,9,1075.83,76.66,193155.56
8505,2025-06-21,496,56,2,7,552.77,134.1,52674.26
8535,2025-04-13,988,17,15,3,798.41,87.18,117843.47
8545,2025-07-21,1541,60,12,7,1135.18,89.53,198780.84
8546,2025-07-20,2941,71,11,6,490.32,41.5,19833.55
8564,2025-09-11,601,68,3,3,858.49,196.89,138369.78
8565,2025-12-24,2565,69,2,11,82.27,8.57,15089.09
8572,2026-02-07,868,53,13,3,715.96,174.25,36020.36
8574,2025-10-01,2815,21,5,7,143.77,27.96,5529.23
8584,2025-01-01,1761,72,1,7,1663.81,117.82,78426.18
8588,2025-07-17,858,75,14,7,1689.16,110.21,148178.28
8593,2025-06-11,81,19,13,5,1672.62,260.0,196309.35
8605,2025-04-21,2437,37,3,3,1236.76,191.42,106393.56
8609,2025-05-30,616,61,10,5,810.93,186.74,146126.68
8617,2025-02-12,370,19,11,5,836.19,42.31,142592.12
8623,2025-08-16,1040,20,9,5,346.5,25.02,46554.6
8636,2025-08-10,2480,80,10,3,1794.11,108.43,265077.46
8639,2025-07-06,1734,8,2,8,-1225.78,189.68,29477.91
8648,2025-08-25,2165,8,2,2,1512.41,154.23,263432.55
8650,2025-02-23,1513,49,5,11,561.1,44.66,53734.46
8657,2025-11-27,148,29,8,11,188.83,42.93,29871.67
8665,2025-03-15,1576,4,1,6,849.76,1236.48,123904.31
8685,2025-04-21,2029,56,6,7,1367.64,129.42,35992.14
8686,2025-04-08,424,17,2,6,658.39,55.92,102120.54
8696,2025-04-16,1403,25,10,5,177.55,12.67,11971.02
8705,2025-07-18,2653,1,8,6,1359.52,70.26,91078.8
8714,2026-02-17,1464,78,1,11,1691.5,241.14,308952.56
8718,2025-01-18,1106,77,4,2,53.71,3.24,2526.97
8728,2025-07-01,2399,21,8,10,1891.16,363.78,93157.7
8736,2025-12-09,399,16,12,2,721.5,167.97,24353.2
8740,2025-04-15,1679,76,9,12,1134.09,245.66,110405.94
8754,2025-03-23,129,19,12,2,1671.73,243.93,272955.42
8770,2025-05-02,134,68,2,8,276.02,52.69,32843.43
8792,2025-12-08,1915,31,14,11,779.82,167.98,92022.91
8806,2025-01-21,2142,30,10,8,1157.06,181.51,34538.8
8837,2025-10-05,1465,11,8,2,1174.08,93.31,73445.75
8845,2025-10-09,856,47,2,10,972.27,224.23,41982.79
8856,2025-09-29,859,64,5,11,703.48,57.66,54985.84
8859,2025-06-07,2312,20,15,4,356.12,21.98,30653.68
8869,2025-06-11,201,19,4,3,1114.55,257.71,110247.83
8884,2025-02-21,978,75,15,3,967.05,192.69,184090.57
8885,2025-01-17,2533,41,9,9,297.21,63.64,15411.67
8895,2025-05-08,1640,26,1,12,824.86,89.06,17141.27
8923,2025-04-26,3565,14,12,7,1204.61,214.14,114466.21
8930,2025-03-05,169,58,8,5,133.75,14.4,8165.27
8957,2025-05-14,59,59,9,3,1617.96,351.48,206418.66
8968,2025-04-26,1746,35,14,5,196.76,17.79,17007.22
8970,2026-01-14,2522,58,14,4,281.25,49.09,20653.16
8976,2025-04-16,1784,70,12,1,338.19,57.06,40943.89
9017,2025-01-16,360,4,13,10,1223.57,292.01,219890.95
9051,2025-03-27,110,61,13,7,1117.03,111.16,208863.5
9059,2025-06-03,1296,71,4,6,135.62,7.43,7679.33
9060,2025-10-03,3592,5,3,6,329.67,30.37,53331.27
9071,2025-12-30,2682,109,7,5,1777.07,383.93,230477.18
9081,2025-08-17,2826,72,3,3,862.95,114.75,20144.27
9099,2025-06-01,2159,36,13,11,1509.84,165.3,97176.42
9112,2025-06-24,174,37,3,9,1121.42,60.92,113012.3
9113,2025-02-23,574,17,4,1,235.12,16.64,10386.56
9116,2026-02-04,457,48,12,2,801.86,51.54,37812.55
9119,2025-08-16,477,34,13,2,176.46,41.07,29545.9
9130,2025-05-04,2263,3,2,12,1626.19,394.58,302911.01
9131,2025-03-10,2539,20,13,10,790.98,97.76,144774.48
9134,2025-05-17,1734,13,8,5,608.19,118.67,98468.29
9141,2025-07-11,2148,6,13,12,1223.92,292.86,147752.99
9146,2025-04-16,467,17,14,7,1748.65,364.72,330587.9
9172,2025-11-29,1569,16,14,1,1554.98,100.73,113189.15
9194,2025-02-01,1276,13,13,4,352.27,75.93,14791.08
9215,2025-08-31,480,8,13,6,1966.7,469.2,169042.79
9228,2025-07-19,57,79,11,2,764.16,111.69,64152.41
9233,2025-03-14,1353,59,3,6,428.31,25.54,73368.43
9254,2025-07-08,2453,3,8,3,986.84,234.94,76500.98
9264,2026-02-01,2033,34,7,10,1618.04,134.58,136844.0
9271,2025-10-12,26,11,2,7,354.66,25.86,35502.76
9274,2025-04-02,2836,71,13,4,1738.77,111.03,326384.56
9284,2025-09-06,150,80,6,1,1520.45,229.75,96245.63
9291,2025-01-09,1980,68,11,10,1298.65,1651.3,139508.46
9292,2025-01-13,682,45,15,11,1185.96,282.52,54668.75
9300,2025-08-13,1202,67,15,1,471.33,64.33,71054.51
9301,2025-09-19,2686,40,3,12,1624.87,241.25,196285.51
9303,2025-04-20,82,58,8,10,591.9,83.73,20714.44
9307,2025-05-03,2718,57,5,1,1198.34,175.79,85176.93
9309,2026-02-11,3502,2,5,1,458.39,104.71,22461.44
9331,2025-07-18,2788,48,11,1,519.64,47.27,49526.06
9337,2026-01-27,1529,9,12,12,873.15,144.7,100668.83
9341,2025-06-02,2704,9,12,6,1847.34,193.02,139153.16
9359,2025-05-10,3857,41,11,12,56.02,8.56,11025.05
9382,2025-09-02,649,26,1,7,1489.87,293.14,284079.91
9400,2025-07-14,2570,38,11,2,277.22,54.81,19914.74
9405,2025-09-05,2271,42,13,8,1244.4,104.79,172642.16
9426,2025-10-06,2044,48,13,4,1349.14,98.05,66083.78
9432,2025-11-26,1842,77,13,6,1909.39,113.7,301689.9
9438,2025-10-07,1762,26,13,1,1471.07,349.06,202434.19
9441,2025-06-15,473,10,3,7,1433.96,134.42,91912.99
9456,2025-11-16,3710,52,15,8,1828.91,193.41,42828.29
9491,2025-12-05,1174,31,13,6,809.68,137.29,61124.99
9493,2025-01-10,154,17,2,10,434.6,104.55,50352.4
9500,2025-09-02,2851,46,8,11,810.76,75.2,41567.62
9504,2025-02-28,2441,69,6,1,1213.48,243.71,51363.51
9509,2025-08-09,2938,61,14,7,1941.59,203.88,167629.83
9553,2025-11-30,275,18,12,3,294.77,71.63,56999.59
9554,2025-12-10,2841,12,3,4,1593.25,285.99,278154.17
9575,2025-12-26,1143,6,4,4,1164.78,199.11,26763.59
9600,2025-02-28,247,9,3,12,0.0,218.03,159796.36
9610,2025-05-05,2530,35,3,1,285.28,48.84,55672.83
9613,2025-01-28,130,42,6,7,102.38,18.82,8091.87
9614,2025-05-19,99,27,7,1,142.89,18.0,6784.32
9619,2025-04-02,483,8,12,2,1217.12,243.93,217650.15
9628,2025-09-23,2500,6,12,4,1312.46,237.37,177977.18
9643,2025-02-21,335,59,10,9,1888.04,381.98,373926.5
9648,2025-04-27,1925,20,4,8,1773.64,105.73,157141.06
9667,2025-07-25,1241,37,7,7,773.95,192.79,100821.85
9674,2025-10-04,788,59,7,2,835.5,50.95,67833.83
9690,2025-01-25,1112,25,11,2,784.36,61.25,70849.03
9705,2025-08-03,1281,44,15,9,460.15,98.66,69392.15
9712,2025-12-31,2587,48,10,6,598.15,130.81,55264.11
9713,2025-02-28,431,47,13,6,1212.0,188.38,105215.25
9718,2025-06-02,248,76,2,12,1386.64,168.68,243399.5
9726,2025-01-07,2569,40,2,5,1565.29,342.06,302700.69
9729,2025-11-01,1696,14,8,1,330.67,56.04,10044.53
9731,2025-12-27,160,36,1,10,240.78,50.25,32428.85
9736,2025-10-12,2653,6,14,6,65.24,86.18,6240.27
9739,2025-03-11,1465,2,9,4,779.11,149.15,69287.01
9743,2025-01-31,2687,16,6,4,225.48,53.91,24234.25
9760,2025-08-19,2602,80,1,12,1644.55,287.83,186456.25
9763,2025-04-16,634,37,15,10,746.21,173.97,144871.9
9792,2025-07-13,1119,1,11,4,465.44,33.23,38702.93
9803,2025-05-31,1627,71,5,12,1955.3,295.06,309529.95
9805,2025-02-05,487,8,6,3,1163.26,233.47,177949.89
9847,2025-02-14,234,17,10,5,852.17,135.16,156290.29
9854,2025-12-20,1986,72,8,5,964.71,193.18,96498.61
9866,2025-01-31,2602,68,13,9,488.65,117.06,32894.75
9872,2025-05-25,1335,20,3,11,85.24,17.01,7848.31
9894,2025-11-10,45,34,13,12,242.98,47.2,15198.36
9896,2025-11-15,146,77,10,3,-1307.18,124.84,159168.23
9898,2025-08-18,1023,2,1,6,1759.69,269.4,136321.6
9914,2026-02-11,1913,66,15,9,159.04,16.22,16644.95
9924,2025-06-06,41,38,7,5,876.88,167.72,158382.7
9925,2025-01-16,281,80,13,6,1132.02,79.52,42507.38
9945,2025-01-31,2714,40,5,6,103.74,14.28,10910.94
9950,2025-05-14,2059,70,10,9,1312.6,303.72,131984.49
9959,2025-12-13,2578,78,11,6,260.0,28.03,34726.26
9960,2025-02-21,2034,76,7,4,160.44,39.36,6079.69
9983,2025-08-30,2334,37,1,3,565.25,94.58,103854.12
10005,2025-01-07,457,60,7,3,298.63,56.64,28257.56
10013,2025-02-17,1879,68,3,3,1274.62,134.81,190832.33
10019,2025-07-19,114,79,12,3,1548.26,190.1,290945.47
10026,2025-11-11,1690,28,9,2,1533.96,215.07,255569.5
10036,2025-06-07,2446,32,12,1,1860.68,241.23,147823.72
10055,2025-12-16,1941,70,7,10,1737.98,206.56,264669.65
10061,2025-11-19,426,23,9,5,1764.25,335.1,322407.48
10076,2025-10-10,523,24,14,5,1856.08,361.1,61768.86
10084,2025-04-22,62,37,8,5,1928.11,291.47,129632.06
10103,2026-01-12,293,37,11,10,1098.02,198.41,107799.57
10110,2025-02-14,2330,11,4,9,1473.44,178.58,56876.41
10118,2025-03-20,162,52,4,5,647.54,132.11,61950.23
10133,2026-02-05,2674,7,3,8,1590.65,113.69,61551.72
10172,2025-04-03,960,68,11,10,1425.48,162.86,147750.16
10176,2026-01-21,1426,5,15,11,99.53,18.3,17251.9
10206,2025-03-07,626,7,13,1,1894.41,255.65,251808.79
10245,2025-11-21,2441,76,6,3,369.28,34.65,13777.55
10249,2026-01-14,2109,11,9,2,1194.06,287.99,51677.58
10282,2026-01-02,2634,119,6,5,1758.91,293.99,284798.19
10283,2025-04-09,2352,31,3,1,189.19,10.84,4732.18
10291,2026-02-14,2978,11,8,7,377.89,35.66,46374.5
10292,2025-01-05,2580,14,7,2,986.06,126.55,108954.48
10301,2025-11-06,437,42,2,3,70.99,4.69,12373.39
10323,2025-01-03,1387,14,7,4,1328.72,305.17,184363.21
10352,2025-06-08,1067,7,4,5,133.55,18.73,23357.84
10385,2025-07-19,913,64,13,12,543.26,107.58,65250.49
10391,2025-03-02,18,80,15,7,1046.34,126.62,118833.5
10398,2025-03-08,2799,75,6,9,1799.7,278.41,239245.97
10403,2025-04-05,2988,61,7,4,1204.65,287.76,29731.87
10404,2025-09-28,1876,1,1,4,1163.78,97.62,130705.92
10411,2025-02-02,2819,15,4,2,546.58,64.38,50124.45
10421,2025-10-01,692,32,6,5,1780.78,217.42,330746.3
10426,2025-08-27,2145,31,4,7,1107.68,184.06,162509.39
10435,2025-10-08,2629,5,4,7,1990.06,491.95,54501.69
10436,2025-07-09,2678,77,1,4,76.98,8.38,6432.63
10439,2025-03-06,764,19,1,5,744.04,134.7,86602.28
10466,2025-06-22,1091,76,2,4,1954.45,332.36,302609.65
10470,2025-05-16,846,76,1,8,715.45,77.41,23813.68
10471,2025-10-13,66,63,8,10,1213.47,291.29,160971.71
10475,2025-09-07,1355,75,13,4,200.03,19.72,23218.54
10492,2025-08-05,2231,79,14,5,344.24,80.58,18526.92
10500,2025-08-12,2113,61,12,10,1977.11,303.83,195599.27
10507,2025-03-19,2432,73,15,5,296.54,57.53,31996.55
10518,2025-12-04,1646,46,3,9,1123.29,273.81,99984.97
10535,2025-11-14,3527,53,9,1,944.6,198.55,123034.73
10544,2025-12-07,2208,39,6,9,1075.38,221.53,156546.36
10546,2026-01-27,2462,8,9,3,494.04,104.57,62207.46
10563,2025-07-03,2265,5,9,8,886.72,185.91,174642.78
10570,2025-11-24,2616,44,7,11,1251.86,132.57,31097.97
10576,2025-01-18,690,3,15,8,1616.27,358.75,48763.26
10596,2025-10-23,3728,22,3,12,0.0,97.13,199293.59
10603,2025-07-03,424,52,13,3,386.44,64.96,22183.78
10614,2025-03-10,2777,63,8,4,1213.7,274.07,124688.22
10617,2025-09-29,23,52,7,8,1046.34,261.28,90985.44
10622,2025-04-24,843,23,6,3,1149.08,244.14,136452.38
10631,2025-07-17,487,39,10,3,1396.23,194.47,121129.23
10632,2026-01-29,2698,116,7,6,639.38,106.79,107743.51
10649,2025-06-14,429,13,11,12,111.92,8.63,3206.75
10650,2025-09-14,1748,53,2,8,756.55,141.97,94054.07
10660,2026-02-15,687,37,2,2,1973.95,362.55,145221.47
10679,2025-02-02,915,26,8,6,106.79,25.42,18105.27
10691,2025-06-12,1113,50,7,3,870.83,214.38,54858.5
10693,2025-07-29,635,26,6,12,144.56,22.22,19198.06
10699,2025-09-19,1269,78,3,11,388.61,36.53,64824.16
10748,2026-01-19,996,22,4,11,1368.7,215.4,249754.02
10753,2025-05-14,1098,36,12,4,470.61,114.15,65036.85
10771,2025-12-18,2668,45,9,10,171.82,42.19,24769.07
10799,2025-01-12,610,80,5,11,1687.77,305.49,162770.92
10803,2025-01-29,1989,74,2,3,1532.77,285.2,37209.96
10812,2025-10-26,2290,53,9,8,1928.62,422.33,264439.36
10865,2025-07-21,2785,18,14,12,1435.87,304.72,44325.26
10870,2025-05-15,662,52,6,6,1184.36,276.37,71189.73
10912,2025-03-04,2889,40,15,9,376.22,91.26,12005.7
10918,2025-01-17,1342,41,1,4,375.4,481.37,27192.75
10926,2025-07-02,450,60,4,9,1389.5,207.85,54109.82
10935,2025-04-29,228,114,4,8,1959.38,176.95,94173.17
10939,2025-03-20,1275,110,10,4,1673.0,97.71,129146.56
10945,2025-03-03,1958,35,3,7,65.09,9.72,10893.2
10957,2026-01-11,2407,19,12,6,1389.67,93.56,44556.63
10961,2025-10-17,272,49,10,9,1051.3,141.12,149953.01
10962,2025-04-17,754,53,2,7,1511.17,223.5,87067.78
10967,2025-09-11,1207,39,2,5,342.26,72.19,18239.71
10973,2026-01-21,2699,10,2,11,1176.59,85.63,175908.04
10975,2025-01-25,3878,21,13,3,1211.26,1673.87,233048.68
10987,2025-02-19,1512,59,14,11,1231.25,192.26,28332.24
11003,2025-11-02,569,64,11,7,1108.25,180.72,125360.34
11009,2025-02-12,949,24,1,7,1759.33,409.45,95665.23
11012,2025-11-10,1541,19,7,2,1593.42,140.66,52334.06
11021,2025-02-01,731,50,12,10,1657.7,292.94,87830.52
11024,2025-05-05,111,25,15,6,172.41,36.02,12270.02
11026,2026-02-19,211,19,12,9,1817.17,118.59,56122.98
11030,2025-11-03,1488,38,11,6,1099.61,133.92,32778.19
11055,2025-06-18,1918,54,5,10,489.02,31.76,64932.22
11092,2025-04-15,2689,16,6,10,744.91,151.25,24631.39
11102,2025-02-06,1788,51,11,2,1690.16,247.3,325235.76
11116,2025-06-29,156,50,12,12,1214.51,211.96,26514.69
11158,2025-07-28,45,27,13,1,1547.85,272.25,203892.62
11169,2025-02-03,119,54,10,10,1815.89,311.84,249235.17
11184,2025-02-28,1785,31,14,1,969.21,166.47,132265.88
11197,2025-02-25,2737,20,10,8,928.46,202.92,173794.44
11208,2025-02-04,2607,54,3,6,390.55,19.9,55266.34
11209,2025-05-01,1189,25,12,3,1162.93,200.53,201853.81
11223,2025-10-18,1448,11,13,11,239.73,24.34,23060.67
11227,2025-11-16,773,16,15,11,1184.46,111.48,31738.05
11237,2025-06-13,690,28,7,7,1581.15,367.91,65128.18
11238,2025-07-20,1727,6,4,2,1480.36,134.53,149564.92
11266,2025-02-02,1339,48,8,3,1421.12,121.86,44995.79
11267,2026-02-12,771,30,9,2,1358.09,267.61,221949.79
11282,2025-01-24,2156,79,2,1,618.26,118.0,36350.1
11292,2025-09-12,593,23,6,12,1905.38,105.5,249341.85
11298,2025-10-24,795,24,7,8,1176.63,102.55,134799.01
11307,2025-03-29,2935,48,9,10,214.81,38.1,20100.47
11327,2026-01-14,130,33,6,9,86.09,18.32,12553.45
11330,2025-04-13,2857,13,2,11,0.0,75.68,25462.33
11338,2025-01-26,702,9,3,10,1444.27,327.32,61108.17
11388,2025-01-14,1762,69,9,9,895.2,97.17,164908.74
11389,2026-02-17,51,59,4,12,1063.18,57.11,174385.7
11393,2025-02-18,2859,28,7,5,1586.11,226.6,266863.04
11395,2025-12-25,1944,62,7,4,956.99,216.38,25602.15
11401,2025-05-16,2190,46,2,11,1878.49,300.4,368398.68
11418,2026-01-20,2603,45,15,2,1987.63,495.39,389253.58
11428,2025-08-22,1349,3,4,11,1590.31,219.05,205076.5
11437,2026-02-07,1990,37,4,3,775.43,38.8,129393.21
11438,2025-07-15,164,48,5,10,1399.4,104.38,234512.22
11449,2026-01-01,174,33,1,2,1541.14,280.55,262555.95
11450,2026-02-16,2492,39,8,1,1107.37,204.42,81165.76
11459,2026-01-28,2153,39,6,7,1027.07,80.49,90487.55
11481,2025-01-25,863,44,1,3,1193.59,182.36,215705.81
11490,2025-08-31,307,35,14,2,1549.64,325.8,194390.54
11521,2025-08-12,1690,52,6,4,1949.27,195.39,322721.31
11525,2025-07-28,2361,37,9,2,1438.78,174.43,59360.08
11529,2025-10-09,105,46,14,4,1019.95,171.37,75892.4
11533,2025-10-12,505,29,1,1,520.58,54.21,46577.27
11536,2026-02-15,641,74,5,6,1231.16,94.82,175128.01
11537,2025-09-21,661,29,2,9,132.71,10.06,3263.0
11555,2025-01-25,1544,20,11,12,1970.83,209.14,330256.25
11558,2025-06-01,1988,43,10,6,534.29,44.26,90356.74
11559,2025-11-28,1066,37,15,8,1274.84,149.28,49727.99
11563,2025-05-03,2261,69,2,1,1981.46,167.26,92442.89
11603,2025-04-20,2492,27,9,7,433.13,63.14,68004.98
11631,2025-09-18,2933,68,3,5,267.23,24.77,22913.99
11641,2025-09-29,1157,71,2,7,1066.17,231.16,196282.19
11644,2025-03-05,1744,16,11,6,348.4,66.3,58550.84
11654,2025-09-03,1577,10,5,11,1729.84,257.23,223175.43
11655,2026-01-19,2292,45,2,7,1567.37,178.36,81719.08
11660,2025-02-13,2837,80,9,5,1419.94,137.28,280021.9
11696,2025-06-25,1166,35,14,6,1971.29,398.05,346803.99
11698,2025-01-23,1786,36,2,2,565.35,87.22,55941.15
11711,2025-07-24,1424,71,11,9,1129.54,194.65,218616.8
11720,2025-11-27,532,35,9,9,1009.17,239.95,87443.22
11767,2026-01-20,2901,7,1,1,1695.12,294.96,335287.33
11770,2025-12-12,1824,47,8,3,1718.59,140.09,61005.93
11771,2025-12-01,1,37,7,4,222.99,34.66,13134.79
11774,2025-05-08,620,5,2,10,587.42,134.48,64672.91
11776,2025-04-04,29,78,8,3,635.08,106.34,58766.28
11787,2025-07-20,446,43,10,3,312.52,28.41,20500.99
11793,2025-11-21,618,56,11,4,51.75,7.54,5012.16
11797,2025-11-07,926,67,15,2,1490.95,180.91,128048.62
11817,2025-03-02,2570,64,3,11,1241.59,72.78,32249.22
11829,2025-10-05,3748,28,3,7,747.24,135.51,130681.31
11844,2025-04-16,2069,40,2,3,666.17,53.01,64584.06
11846,2025-12-08,1760,56,5,10,1156.46,237.18,133541.14
11851,2026-01-03,2873,76,7,1,289.38,21.41,27012.23
11853,2025-03-16,1832,6,11,11,1734.49,306.4,269828.03
11854,2025-04-22,2456,33,2,1,462.05,93.62,54871.22
11856,2025-09-12,1259,22,10,11,1063.12,89.29,86897.05
11857,2026-01-29,2350,23,5,11,951.22,173.33,56505.97
11858,2025-04-09,961,80,11,5,1755.16,175.85,152426.32
11866,2025-04-11,2180,60,7,3,798.5,163.08,136594.19
11870,2026-02-07,1804,13,8,5,490.5,43.92,85980.61
11880,2025-08-15,592,74,7,8,364.72,489.68,18156.96
11882,2025-12-03,902,40,15,5,869.28,191.21,81861.72
11884,2025-04-04,2116,15,5,1,1869.0,306.11,312957.21
11903,2025-06-20,1200,9,13,9,1317.92,222.99,192163.24
11904,2025-10-18,2372,17,12,2,114.08,24.44,17098.87
11922,2025-10-24,2901,22,12,10,940.48,151.9,37584.56
11943,2025-06-12,1465,10,15,11,844.85,1503.85,68278.0
11948,2025-03-19,3587,58,9,5,835.01,54.26,144064.36
11951,2025-08-08,1885,15,3,7,1518.13,361.32,144448.27
11957,2025-12-09,1349,20,12,11,1128.44,104.2,90562.87
11958,2025-03-25,345,23,7,2,1565.8,105.93,89333.39
11960,2025-12-05,1849,13,6,10,799.08,163.38,50197.19
11962,2025-02-24,1720,3,11,9,629.03,51.7,90128.77
11968,2026-01-27,2161,60,14,1,1131.23,127.22,192681.59
11969,2025-01-25,2029,10,11,12,1355.15,144.19,124779.83
11984,2026-01-08,251,76,13,3,667.59,89.12,80706.26
11997,2025-10-13,503,71,4,6,385.54,37.06,41176.48
12016,2025-11-28,3609,12,9,2,701.54,133.84,106052.23
12021,2025-12-25,164,79,7,11,1513.35,107.26,222757.11
12034,2025-05-15,2123,6,1,3,342.84,77.94,30290.56
12041,2025-09-30,2333,21,7,2,565.73,118.69,24912.78
12043,2025-03-24,992,51,10,11,-620.26,80.73,81217.95
12051,2025-04-21,885,49,6,12,1042.15,108.48,110500.6
12059,2025-02-14,1321,24,10,3,-775.12,57.57,120065.53
12074,2025-05-23,142,100,14,3,229.94,13.63,37377.01
12098,2025-05-30,2672,36,12,3,1889.99,142.93,116867.65
12127,2026-01-08,1889,28,6,11,143.85,20.03,23752.35
12159,2026-02-12,2953,4,3,6,1667.73,348.76,140177.56
12168,2025-02-24,1425,13,11,2,727.82,44.42,102610.4
12182,2025-05-05,1333,38,7,10,1298.88,166.19,145779.04
12207,2025-03-03,618,58,10,4,944.51,177.96,173157.84
12211,2025-06-21,1456,15,4,6,1148.62,183.29,147349.76
12214,2025-06-28,1410,23,14,5,1985.78,310.82,93185.93
12219,2025-02-12,2710,14,15,11,1019.79,58.72,37921.21
12224,2026-01-19,1938,1,7,8,681.29,142.89,119680.04
12232,2025-01-08,2655,51,5,12,592.59,130.65,77555.24
12239,2025-09-24,2012,70,12,5,1449.67,1890.01,67066.93
12245,2025-06-05,736,36,1,1,158.36,13.32,19444.04
12247,2025-01-27,2420,40,13,5,0.0,122.76,287000.33
12256,2025-04-28,1396,27,15,9,769.92,148.66,55460.4
12260,2025-10-25,2026,58,1,2,1950.2,176.15,248285.01
12281,2025-05-29,1308,10,6,11,503.92,72.72,30598.33
12284,2025-02-17,1031,61,4,5,589.18,32.57,94211.32
12295,2026-02-07,1650,18,10,3,1264.46,266.43,41040.0
12305,2025-08-09,492,53,14,8,1888.94,134.62,143643.86
12314,2025-12-21,217,20,4,11,1814.11,380.38,228506.11
12338,2025-09-30,2911,68,1,4,872.02,174.99,131612.79
12346,2025-06-13,2296,72,5,6,1777.3,212.68,316130.47
12363,2025-03-23,1070,76,2,6,1958.38,198.39,202860.74
12373,2025-11-07,2603,6,6,8,930.98,224.69,60890.04
12420,2025-01-16,34,22,4,7,1902.51,340.54,371460.08
12433,2025-07-12,1037,33,3,7,1541.23,209.69,144082.57
12440,2025-11-07,2819,48,4,2,194.92,30.72,23313.35
12452,2025-10-22,885,27,7,5,0.0,338.84,252361.45
12456,2025-04-19,2705,94,9,12,1064.31,232.2,99661.58
12507,2025-12-26,2943,60,3,11,787.38,105.92,47697.56
12510,2026-02-18,2257,63,14,3,239.4,274.91,27791.68
12546,2025-03-17,2127,31,9,5,1242.73,100.99,121441.23
12584,2025-12-13,2277,74,7,8,1607.33,155.92,313982.76
12590,2026-01-07,2090,61,9,7,912.8,135.49,85627.04
12597,2025-06-11,105,23,14,8,1564.61,289.92,89715.33
12608,2025-04-07,1162,50,2,5,540.56,119.92,55401.96
12609,2025-02-12,281,14,10,2,1304.72,286.58,165346.42
12610,2025-02-20,2971,25,3,12,518.71,92.41,18703.15
12619,2025-05-23,2987,58,7,6,1021.16,141.26,114147.65
12623,2025-06-10,2349,49,14,11,1459.07,347.5,280649.91
12644,2025-10-29,1259,23,6,6,1293.44,96.62,75257.2
12645,2025-11-24,280,39,13,7,676.91,127.74,87767.43
12647,2026-02-07,605,45,3,1,1893.92,311.15,69897.69
12649,2025-01-26,1802,49,9,3,654.24,66.82,75234.57
12651,2025-03-01,2329,22,15,11,1403.59,109.22,180615.42
12652,2025-03-06,2550,18,5,10,488.09,111.48,79245.15
12653,2025-11-27,194,73,14,4,1275.95,214.41,94643.93
12661,2025-07-20,2359,40,2,9,248.02,44.7,20357.38
12664,2026-01-01,608,42,6,1,1567.11,329.9,58538.18
12669,2026-01-27,46,34,5,12,1575.51,96.67,37666.45
12674,2025-12-16,1783,25,8,8,435.29,44.6,31442.08
12679,2025-09-12,1175,38,1,11,1688.41,251.17,34151.45
12693,2025-02-23,531,52,7,2,1888.1,226.6,89921.95
12698,2025-06-25,2476,75,9,1,1419.89,144.48,268498.06
12701,2025-04-28,1540,12,13,11,83.3,18.41,4165.15
12731,2025-10-01,1816,60,6,1,1814.21,364.15,295386.82
12740,2025-08-30,1295,68,10,6,1308.74,81.58,200925.19
12742,2025-06-01,883,66,7,6,1575.6,215.36,272033.98
12744,2025-07-28,554,66,7,8,1989.87,245.6,108904.41
12755,2025-03-27,2358,37,7,3,0.0,263.68,179396.06
12760,2025-03-19,1222,53,11,5,1631.78,338.55,89184.29
12774,2026-01-03,40,17,11,7,1980.73,375.54,358841.95
12776,2025-07-30,169,11,13,2,1097.88,175.69,208277.25
12777,2025-09-23,2553,79,7,11,911.55,1314.06,95529.8
12782,2025-11-11,2711,80,3,9,1934.27,436.77,356505.77
12801,2026-01-04,2566,74,5,4,1084.44,216.69,72952.42
12816,2025-02-06,1745,56,9,7,1549.3,298.72,236869.56
12817,2025-09-10,279,68,10,4,1254.84,263.06,167378.97
12819,2025-09-14,440,56,12,7,1571.49,238.67,133278.3
12865,2025-06-01,932,31,5,9,334.52,60.54,7656.32
12876,2025-09-24,142,3,5,11,526.32,58.74,16264.68
12878,2025-10-20,832,76,14,10,1019.22,120.55,47029.62
12895,2025-02-07,2830,61,8,9,1851.04,227.84,82472.4
12898,2025-11-10,2057,14,6,2,524.29,51.26,31147.54
12910,2025-08-01,1056,76,1,2,754.5,79.36,67345.25
12916,2025-07-09,1840,28,2,7,1023.26,194.52,45813.93
12918,2025-03-15,746,35,9,8,130.97,6.97,22999.74
12950,2025-07-10,2256,25,9,12,1556.46,101.47,111860.38
12967,2026-02-08,2538,21,7,7,114.23,24.55,19950.47
12968,2025-08-14,233,13,2,6,1586.96,169.95,289549.45
12998,2025-09-20,1483,20,13,7,1096.09,263.83,23442.13
13021,2025-09-22,1247,64,12,2,962.24,95.14,183021.88
13022,2025-08-10,2272,65,6,11,602.79,108.41,22837.84
13046,2025-12-02,1722,12,7,4,638.15,1124.02,45109.78
13068,2025-10-28,2402,49,12,10,166.63,40.98,7853.6
13075,2025-12-29,1830,65,1,10,1641.61,99.9,168041.67
13077,2025-08-08,1916,29,9,1,662.04,155.6,54804.35
13101,2025-05-22,1812,51,6,1,1144.06,191.18,204623.21
13119,2026-01-08,457,54,11,6,1708.47,134.31,273406.36
13120,2025-12-18,1703,55,14,6,1801.31,205.16,241114.25
13142,2025-10-02,781,41,13,6,166.91,27.74,31915.31
13143,2025-11-17,1625,43,4,7,1553.76,233.46,129132.6
13168,2025-01-19,3845,40,9,11,1074.02,71.39,138896.56
13180,2025-06-19,2218,6,4,12,1588.49,354.55,227323.13
13194,2025-06-23,2235,72,15,12,1974.07,236.06,281835.17
13203,2025-09-03,2316,35,12,2,243.83,60.63,46301.33
13207,2025-10-07,151,20,8,5,789.6,47.29,154807.75
13232,2025-04-11,1661,27,6,10,51.46,6.76,5640.37
13285,2026-01-11,2827,60,13,8,281.27,55.84,7047.58
13292,2025-03-18,2236,61,9,2,754.92,120.7,17740.02
13295,2025-12-06,494,42,1,10,737.09,53.56,23526.02
13303,2025-04-22,2567,44,13,4,1268.64,105.49,124915.39
13312,2025-10-30,2980,75,13,5,122.72,18.99,7600.54
13315,2025-07-15,1241,43,2,10,1715.08,110.01,200188.02
13325,2025-05-06,2932,65,8,10,1854.51,216.01,334597.01
13339,2025-04-30,1283,38,10,1,736.88,70.59,66050.82
13340,2025-02-20,662,34,8,7,578.13,102.9,19653.78
13353,2025-01-08,2,38,15,9,1717.45,320.65,252053.15
13354,2025-03-09,2350,14,11,6,1044.75,162.23,186767.51
13379,2025-02-11,1797,53,15,9,1474.39,367.77,184128.61
13394,2025-07-01,2520,78,1,4,1001.84,1221.87,35647.32
13406,2025-10-12,1511,1,5,10,1953.68,472.13,382181.99
13415,2025-09-16,918,48,11,3,235.1,51.44,25003.74
13446,2025-10-05,2977,7,13,6,985.26,70.3,112497.38
13466,2025-11-13,1084,48,8,1,1074.91,214.45,84011.05
13476,2025-12-05,2442,3,12,9,1655.7,367.52,159849.62
13489,2025-06-16,236,37,11,11,1295.38,84.35,56851.39
13491,2025-07-06,698,30,7,9,920.65,185.09,85860.86
13515,2025-02-09,1690,40,15,11,521.36,124.4,14589.29
13521,2025-03-13,1682,54,12,8,1847.99,440.62,293343.81
13544,2025-02-12,1575,75,4,1,809.43,62.64,72160.87
13546,2026-01-19,2709,44,14,10,143.41,23.14,16234.36
13557,2025-09-30,1193,10,1,2,493.35,49.77,48598.7
13582,2025-06-05,486,3,3,12,353.43,36.04,11804.21
13586,2025-01-07,1842,22,4,11,1147.17,142.65,114362.19
13590,2025-05-01,532,35,10,11,785.25,70.55,145942.21
13591,2025-08-02,2748,6,13,6,1340.71,151.02,175562.82
13598,2025-05-29,2697,62,3,3,1360.82,179.92,72822.02
13604,2025-05-14,1550,53,11,3,1322.22,281.98,37174.0
13618,2025-12-17,451,78,8,10,1068.25,177.45,150735.85
13621,2026-02-14,2292,7,12,4,1290.77,170.43,82476.14
13627,2026-02-19,2323,42,10,8,567.18,65.87,108409.21
13630,2025-11-18,2819,39,12,8,830.43,207.14,60105.99
13633,2025-07-08,3577,74,14,1,189.69,37.09,9549.89
13634,2025-01-28,1250,18,13,7,279.83,29.44,34972.01
13657,2026-01-30,392,55,6,8,552.29,64.93,69404.73
13669,2025-03-19,1083,58,8,2,1289.25,199.86,236429.21
13671,2025-10-24,970,11,8,5,350.87,59.39,27971.61
13673,2025-11-26,192,79,14,4,1262.78,266.84,204398.85
13692,2025-01-09,351,60,11,10,324.38,35.88,55339.94
13719,2025-11-17,1932,55,5,3,1057.44,79.36,86458.1
13723,2025-09-06,187,39,10,4,478.49,96.15,50974.6
13725,2025-09-12,365,13,5,6,54.58,12.2,6517.59
13736,2025-10-16,1683,35,12,12,497.97,37.77,23193.65
13747,2025-12-09,1632,69,3,5,363.41,34.39,39461.78
13757,2025-03-27,1582,4,1,5,689.7,44.95,115987.9
13772,2025-12-20,1199,78,15,11,1962.36,296.53,121148.9
13777,2025-11-17,550,15,2,1,1984.72,432.62,98997.52
13779,2025-07-11,1103,75,5,7,960.17,156.63,54159.91
13786,2025-07-10,2511,35,13,4,1496.66,88.55,283853.59
13787,2025-03-01,953,63,13,11,1853.66,346.49,363314.78
13790,2025-11-04,2030,11,6,12,932.92,48.72,115918.24
13791,2025-04-23,1313,17,15,8,462.11,46.32,81245.38
13793,2025-08-10,1744,68,5,11,756.53,112.78,114656.29
13808,2025-07-23,1569,25,10,3,967.65,164.25,41071.0
13811,2025-05-25,3789,12,6,7,1334.4,225.65,42034.53
13812,2025-08-29,2806,18,7,3,1622.39,241.25,155664.99
13815,2025-07-17,602,24,5,8,1175.3,80.16,82974.9
13822,2025-09-08,666,46,15,2,1266.16,121.65,75402.0
13837,2025-06-25,2573,58,10,2,707.29,40.05,62875.4
13859,2025-10-14,1955,24,1,7,875.01,77.17,29336.03
13864,2025-09-11,2746,51,6,12,1419.97,321.52,270679.31
13870,2025-05-08,461,68,4,12,1042.6,200.66,140200.47
13871,2025-04-16,2621,78,2,6,1510.79,260.11,69774.17
13899,2025-02-15,1367,59,3,12,343.0,38.36,62602.12
13903,2025-06-23,436,43,1,11,1766.6,153.83,81741.4
13916,2025-05-24,572,20,8,8,1819.87,397.84,302901.93
13920,2025-03-08,613,33,2,12,1227.54,105.27,104148.82
13932,2025-08-06,2152,2,15,11,225.93,52.49,4873.62
13944,2026-02-11,1957,41,5,2,1552.46,177.12,296511.44
13962,2026-01-16,2861,46,9,1,1857.15,134.58,242586.91
13979,2025-07-05,1106,56,4,3,1214.1,181.11,60543.66
13985,2026-01-01,2199,74,8,7,764.32,166.45,138418.48
13988,2025-04-05,2425,26,11,2,1781.23,115.91,355581.15
13992,2026-01-21,2833,28,8,5,1570.3,298.67,243849.98
14011,2025-05-03,1736,49,3,5,548.42,136.59,48250.43
14033,2025-01-03,691,58,9,5,628.09,151.38,65087.03
14065,2025-02-19,784,48,9,2,889.66,106.12,149217.74
14067,2025-07-13,2018,74,11,2,668.68,149.82,99852.8
14082,2025-04-04,289,52,8,11,368.35,22.51,47979.6
14091,2025-04-07,19,25,12,2,626.69,62.74,33762.26
14093,2025-04-23,352,67,10,12,1317.2,210.87,68342.07
14095,2025-03-18,485,19,5,9,642.43,104.0,65755.35
14098,2025-02-06,1466,4,11,3,1347.31,105.94,184949.42
14117,2026-01-27,1116,6,9,3,209.83,43.33,8789.07
14131,2025-12-19,305,68,9,8,150.1,26.65,24558.74
14136,2025-07-16,1663,103,1,8,1178.71,234.3,103759.67
14138,2025-03-15,2858,24,4,11,1457.51,111.48,156890.37
14156,2025-09-25,747,45,9,11,1692.5,209.59,167467.35
14161,2025-01-28,3650,48,9,2,1895.49,347.24,137162.35
14183,2025-04-19,2801,43,11,8,1172.16,132.3,176843.09
14219,2025-05-06,204,3,5,11,519.67,42.16,32955.54
14221,2026-01-16,1477,19,12,10,1068.29,147.08,184912.02
14223,2025-04-15,1527,42,5,4,159.37,39.37,18292.5
14232,2025-08-09,3631,23,14,2,1221.56,215.48,158367.8
14243,2026-02-08,2917,30,13,8,1924.82,140.22,57563.57
14244,2025-06-10,156,52,9,8,238.38,26.51,9624.12
14245,2025-05-05,422,62,15,11,1852.54,2381.15,303408.92
14255,2025-01-30,1895,8,7,8,702.16,168.93,126262.89
14263,2025-02-26,2778,25,3,8,56.02,6.46,10941.88
14264,2025-08-18,308,54,11,9,1134.05,121.18,171746.05
14267,2025-04-28,461,29,7,5,-358.84,59.67,55299.15
14295,2025-12-06,2234,79,8,12,56.21,12.27,4522.22
14299,2025-01-14,1159,11,5,2,1729.4,194.74,306321.98
14304,2025-05-03,1168,77,4,12,111.6,6.64,4518.21
14317,2026-01-04,1586,17,10,11,1116.18,93.69,198210.19
14337,2025-12-02,2835,53,9,3,386.35,81.89,55449.56
14349,2025-09-20,1592,21,3,8,945.75,120.55,142530.85
14357,2025-04-17,2049,30,6,9,58.88,4.03,6203.62
14374,2025-02-03,1248,27,3,4,805.68,142.65,19864.45
14387,2025-08-12,1539,48,1,1,1689.22,205.64,268169.46
14388,2026-01-25,350,38,7,3,941.84,95.05,141082.36
14391,2025-09-08,180,7,9,8,418.94,53.56,40432.62
14398,2025-07-19,2979,29,15,12,119.46,21.18,19510.01
14405,2025-10-07,2404,78,8,11,1675.0,316.29,321732.17
14406,2025-02-25,1114,25,13,9,502.23,103.92,19970.13
14407,2025-07-04,148,51,9,7,642.86,108.56,90602.79
14411,2025-03-27,1881,31,11,12,54.03,7.34,8146.03
14413,2025-12-06,1019,4,13,6,1297.02,245.71,184651.05
14427,2025-04-04,2056,78,3,5,1186.58,117.07,160964.6
14429,2025-11-14,2607,48,2,6,1946.25,97.41,95545.95
14430,2025-06-08,1850,55,9,4,691.64,98.99,116769.49
14432,2025-07-12,2765,64,13,6,1619.71,156.08,206427.58
14433,2026-01-11,1341,68,11,4,1006.99,215.71,60370.55
14449,2025-03-21,1265,20,9,8,762.13,146.13,128352.39
14494,2025-06-14,1842,68,8,9,155.59,12.09,13442.98
14507,2025-01-18,2247,76,4,8,432.31,27.5,49482.32
14516,2025-03-02,1276,71,4,6,1385.2,137.74,231040.84
14529,2025-01-07,2378,55,11,5,1725.94,233.97,242521.49
14540,2025-05-14,1001,22,7,8,1491.43,291.54,196243.39
14542,2025-10-02,3573,22,15,5,268.06,24.94,31462.56
14552,2025-09-05,25,53,2,4,396.35,38.26,60123.74
14564,2025-05-11,1169,78,10,6,1095.5,110.41,79713.04
14571,2025-08-28,967,37,8,11,1568.88,2819.77,120554.68
14600,2025-09-15,2007,63,8,2,1333.38,211.07,48656.93
14604,2025-01-24,2933,19,11,1,1822.54,240.62,55134.31
14610,2025-09-21,2252,65,4,8,998.77,86.31,161466.35
14624,2025-04-12,3639,76,3,7,1751.67,383.64,103824.13
14650,2026-01-19,1178,11,5,4,783.93,137.7,69813.18
14670,2026-01-01,2999,34,6,5,1921.69,192.55,379298.9
14671,2025-10-10,786,4,7,4,1305.46,104.71,76547.7
14695,2025-10-22,2861,44,4,11,384.67,34.25,39959.71
14708,2025-03-14,1463,1,1,8,1923.93,447.73,108695.04
14712,2026-01-02,163,98,4,1,1354.02,276.95,156602.01
14729,2025-11-11,1587,30,15,5,1097.17,106.22,159527.81
14736,2025-03-18,3793,58,15,11,1115.8,191.2,164071.42
14739,2025-03-26,1281,78,7,2,539.91,52.55,40949.74
14741,2025-10-11,2717,42,8,6,1196.18,297.98,65577.96
14744,2025-10-10,720,10,1,8,1087.25,168.85,153573.73
14755,2025-08-12,127,49,3,2,1666.96,326.09,216218.81
14765,2025-11-09,2384,49,12,2,710.54,104.25,55383.07
14769,2025-01-03,943,18,9,7,79.01,6.91,15406.76
14776,2025-05-05,382,59,5,5,540.18,99.53,27323.89
14778,2025-09-22,2252,68,7,11,102.23,23.15,7315.95
14781,2025-06-11,759,95,8,12,1752.48,135.19,151620.7
14801,2025-08-18,2495,68,2,6,1306.08,236.51,220010.01
14812,2025-11-26,768,3,11,1,889.51,167.15,142407.84
14847,2025-09-21,1928,19,13,7,1840.11,241.48,129027.84
14852,2025-08-01,2749,13,11,3,1005.96,153.62,84006.89
14853,2025-06-01,2691,77,8,3,239.0,38.9,24595.24
14857,2025-09-13,2321,67,4,1,1454.66,294.44,242183.74
14865,2025-07-11,2392,16,14,3,256.82,14.68,43224.09
14868,2025-06-16,1039,35,1,4,956.25,70.97,153604.79
14886,2025-11-28,1054,17,11,5,1185.67,219.66,185824.16
14894,2026-01-11,2189,59,4,5,1201.18,153.57,165576.01
14897,2025-05-18,1250,61,8,8,774.17,58.66,113557.95
14907,2025-05-12,1360,1,4,12,1426.89,258.58,130023.38
14908,2025-07-31,207,78,5,6,598.43,59.93,96307.95
14917,2025-03-27,1248,71,8,11,1785.72,217.02,141714.3
14928,2025-08-28,3671,52,5,9,776.17,91.0,30591.21
14930,2025-12-06,1152,72,4,10,1735.67,344.78,157939.32
14933,2025-03-20,3607,76,10,8,826.71,155.93,86325.82
14945,2025-06-28,999,61,11,7,1625.23,177.67,136718.06
14946,2025-07-05,1373,17,6,3,340.91,72.26,65722.49
14957,2025-08-16,1762,44,2,4,366.55,83.27,65825.12
14980,2025-01-31,1561,40,3,6,1606.28,91.77,146161.83
14988,2025-06-19,2432,47,6,3,189.84,29.69,28655.03
15006,2025-05-17,1600,55,7,11,148.52,28.97,5763.98
15012,2025-01-03,2013,45,11,4,882.48,217.43,65618.97
15013,2025-12-27,715,51,12,7,1865.7,179.97,84651.49
15021,2025-01-07,1684,7,11,11,1926.0,180.32,72183.26
15022,2025-03-06,1421,38,3,4,483.2,107.18,91665.1
15025,2025-12-22,701,61,10,10,1545.82,170.04,202410.48
15064,2025-06-07,1043,24,9,11,789.77,119.37,71525.97
15090,2025-11-28,1225,15,13,8,765.94,146.83,116248.99
15100,2026-02-11,987,63,14,4,256.5,19.38,15387.73
15104,2026-01-11,3840,54,5,10,1126.68,277.98,215453.93
15116,2025-11-22,2691,46,2,7,1356.35,119.75,265609.62
15127,2025-07-07,912,36,7,11,390.66,80.28,40236.76
15132,2025-04-07,2565,21,14,1,1924.01,201.9,378184.73
15136,2025-05-10,2603,64,2,10,217.79,31.69,39148.79
15147,2025-12-06,2036,61,5,12,576.69,42.39,113307.26
15158,2025-10-04,1982,78,1,5,831.77,139.9,121222.55
15163,2025-10-23,2309,32,7,8,1457.93,294.49,29481.41
15164,2025-01-23,2395,52,11,9,1224.38,116.45,162089.71
15174,2025-03-02,72,6,5,2,333.7,33.09,46542.68
15187,2025-07-02,1402,45,7,8,1109.49,107.76,182898.59
15213,2025-04-11,1774,37,1,11,94.46,5.84,8441.88
15223,2025-03-09,443,45,5,9,1391.37,110.81,137598.67
15227,2025-08-06,331,72,13,12,1641.06,241.46,322449.1
15256,2025-12-27,739,13,6,4,1698.24,192.96,179602.22
15258,2025-08-08,1715,23,15,1,1242.3,286.94,167554.34
15286,2025-01-07,506,74,4,4,1261.81,244.28,88380.99
15305,2025-10-17,3609,15,10,4,1728.21,106.04,45099.73
15312,2026-01-26,2631,74,1,2,856.94,145.88,168449.33
15334,2025-12-28,2652,62,10,11,902.57,222.67,111522.01
15340,2025-01-10,1872,11,15,9,328.83,62.94,22561.63
15348,2025-07-08,1569,1,2,8,1088.58,184.75,119816.04
15350,2025-02-22,2948,7,5,1,639.05,147.38,64895.94
15352,2025-03-16,376,31,10,1,244.37,36.79,13563.86
15382,2026-02-14,27,40,8,10,691.85,87.63,40143.23
15383,2025-10-02,2828,36,1,11,1612.79,130.13,128673.75
15395,2025-03-20,1839,69,12,2,1007.51,154.33,159296.53
15413,2025-03-29,2924,46,6,4,1032.66,78.03,201027.02
15432,2025-11-01,386,13,6,2,133.54,16.95,21898.14
15434,2025-10-06,188,59,8,5,874.64,193.54,105184.32
15437,2025-04-27,724,24,1,11,669.04,122.81,17478.73
15441,2025-08-10,2773,77,1,11,0.0,100.52,57881.76
15451,2025-06-05,2566,42,5,12,1561.9,89.76,104177.12
15456,2025-05-13,541,66,1,6,1505.43,371.32,158233.19
15464,2025-11-27,2672,79,9,7,1245.84,150.21,204080.23
15470,2025-04-26,2765,38,8,10,490.53,111.36,74663.62
15474,2026-01-10,1700,58,12,4,1105.23,219.35,214566.12
15479,2025-11-18,2573,31,4,1,1333.08,320.88,80814.8
15481,2025-06-08,2130,43,10,6,1066.24,133.75,97012.1
15484,2025-10-22,138,50,11,10,1859.2,370.1,160658.03
15488,2025-11-03,147,66,9,9,197.62,31.99,15882.58
15495,2025-03-23,2591,58,7,7,1998.43,397.87,311311.72
15498,2025-09-14,1616,5,10,8,1841.17,144.15,322176.46
15501,2026-01-18,1756,2,1,10,452.51,82.47,47031.07
15518,2025-08-18,1395,5,10,2,1311.09,209.18,143100.84
15543,2025-09-22,3817,75,11,3,965.74,128.32,186655.67
15544,2025-04-09,1354,9,7,12,122.74,15.46,15572.72
15583,2025-04-15,2691,70,12,8,1829.21,355.36,164118.27
15588,2025-01-21,1742,14,7,2,1856.81,421.35,185130.4
15594,2025-01-03,203,54,10,12,1041.43,1485.32,21639.08
15597,2026-01-08,1349,1,9,12,520.74,121.95,51536.23
15607,2025-08-05,1481,62,14,6,872.97,101.25,103929.07
15612,2025-03-13,1497,14,6,8,927.71,66.87,135138.61
15617,2025-06-23,1822,51,15,3,1395.75,259.34,260528.4
15623,2025-08-21,1808,37,6,12,1501.27,360.62,33177.53
15660,2025-12-02,182,8,9,7,122.07,10.59,15832.56
15697,2025-07-25,1485,54,6,9,1802.47,294.55,76772.61
15705,2025-10-04,1834,75,15,4,1652.65,254.48,164017.4
15710,2026-02-13,2165,61,15,5,536.29,92.2,34822.23
15718,2025-05-31,2834,73,12,7,793.76,130.35,44142.43
15719,2025-04-18,902,80,7,9,1438.96,253.27,140807.2
15729,2025-12-08,2197,77,13,8,931.54,159.75,183365.55
15730,2025-04-27,802,23,12,3,1364.57,151.67,237246.27
15750,2025-06-11,2572,35,15,4,1639.94,125.51,326270.22
15759,2025-11-05,2940,66,2,8,1246.23,170.64,237744.3
15772,2025-02-06,904,36,6,5,1470.6,247.89,208961.03
15777,2025-10-04,1194,76,15,5,1499.98,186.65,270143.15
15781,2025-12-31,1436,52,10,10,1729.11,222.55,288383.45
15785,2026-01-11,3578,67,13,4,1659.45,222.78,47766.54
15788,2025-09-08,208,41,11,12,1505.93,139.55,213737.8
15790,2025-09-13,452,12,15,10,1688.16,171.74,105244.58
15805,2025-07-19,2617,1,9,12,346.35,83.48,8371.68
15810,2025-06-05,2360,43,4,3,1051.79,69.63,110096.88
15821,2025-05-12,2228,26,11,2,62.84,4.24,5719.85
15824,2025-04-12,342,8,11,3,1018.32,70.04,182447.41
15836,2025-05-15,1996,54,2,2,784.53,162.72,130033.02
15839,2025-01-28,2595,19,10,9,659.36,67.73,122215.84
15841,2025-08-25,2877,71,8,9,1094.38,80.39,194084.91
15846,2025-08-02,1344,67,8,6,70.38,5.72,13135.64
15847,2026-01-16,1914,27,10,10,1297.97,254.38,76485.34
15849,2025-11-12,2936,34,5,9,1618.81,1953.48,297097.1
15850,2025-08-19,2890,62,7,4,1411.31,342.73,123418.28
15858,2025-11-19,365,39,1,9,1784.24,355.25,42609.26
15864,2025-01-26,104,19,11,4,1287.29,228.93,239242.93
15865,2025-10-25,2983,62,1,2,766.82,105.72,143682.74
15866,2025-04-16,1214,73,9,4,317.82,35.24,27529.81
15871,2026-01-24,161,7,5,11,98.84,16.93,7585.49
15872,2025-12-20,2518,26,3,5,1006.12,141.04,187592.42
15882,2025-07-20,1731,2,14,7,1065.07,203.73,168598.02
15893,2025-10-25,708,41,4,11,1301.8,66.98,147203.07
15918,2025-11-12,2551,32,11,9,1324.03,230.83,84994.85
15921,2025-04-04,1111,54,6,5,1953.51,329.71,228035.58
15924,2025-08-01,1006,44,12,1,519.43,70.21,69608.4
15957,2025-01-25,347,68,3,5,1420.88,173.15,87535.66
15972,2025-04-22,1480,11,11,2,1580.49,388.92,270699.31
15984,2025-07-21,1414,50,2,8,1729.55,175.36,298558.53
16013,2025-03-25,1881,45,9,5,580.79,87.09,20408.06
16014,2025-06-04,1192,58,3,11,573.83,102.43,90051.86
16017,2025-12-03,1302,64,15,3,498.88,94.63,39711.99
16025,2025-12-13,1603,17,10,8,1448.01,76.76,46792.1
16043,2025-02-16,441,22,8,11,1702.02,162.12,61133.1
16087,2026-01-27,3609,76,6,7,370.0,83.48,72638.83
16092,2025-04-15,542,32,2,12,324.45,32.92,38037.31
16103,2025-01-08,2080,24,7,8,865.53,155.57,115798.88
16108,2025-07-25,655,28,2,4,587.0,87.71,53957.89
16115,2025-11-17,2118,38,9,2,164.28,13.62,20649.32
16120,2026-01-25,1196,37,8,8,522.01,66.78,16119.4
16124,2026-01-21,2958,34,13,8,1842.57,285.92,256118.54
16140,2025-03-22,439,47,6,10,1105.73,257.88,33460.75
16151,2025-05-03,48,15,14,5,76.0,10.21,12328.08
16153,2025-12-08,1674,54,11,1,923.84,178.22,134210.99
16165,2025-12-28,719,43,12,2,1961.99,430.55,142993.01
16167,2025-12-18,2801,26,14,6,1295.1,299.67,115805.78
16192,2025-02-23,1843,44,14,7,1856.95,204.7,254462.64
16205,2025-05-23,1699,9,3,7,1251.87,95.5,55992.54
16213,2025-04-25,325,60,1,4,1685.72,356.48,76512.81
16241,2025-09-20,2521,7,12,7,930.67,62.61,93280.7
16258,2025-11-11,847,30,6,9,285.42,48.32,36675.81
16261,2025-09-18,2995,49,9,4,950.38,193.16,160710.35
16275,2025-10-30,1216,8,13,5,1428.78,253.84,144622.24
16289,2025-04-02,2279,4,6,10,872.85,51.64,152862.46
16299,2025-05-10,2069,16,8,5,697.2,173.99,81861.21
16307,2025-11-09,1739,18,9,5,1749.43,218.37,270562.16
16310,2025-06-28,898,53,3,2,1076.23,209.65,137895.09
16328,2025-04-13,172,30,8,9,1605.83,349.26,170145.51
16349,2025-11-18,42,104,3,12,1507.39,161.21,101711.08
16359,2025-07-30,1230,68,8,4,1675.52,246.58,331219.8
16363,2025-06-22,1329,3,11,3,1116.51,120.0,108856.23
16369,2025-07-21,1135,20,8,2,649.36,138.51,52311.17
16376,2025-12-15,2161,66,11,1,1241.69,84.96,217362.69
16380,2025-01-27,3586,40,9,9,1152.76,127.16,69536.79
16386,2025-09-20,2431,77,12,10,686.3,94.92,68168.76
16394,2025-11-10,1975,13,11,9,1169.79,90.22,131018.2
16400,2026-02-04,1027,39,11,11,317.66,31.24,22710.06
16411,2025-04-15,546,18,1,3,386.6,51.83,60332.59
16419,2025-06-16,1088,31,7,10,888.65,205.33,136960.64
16425,2025-08-21,64,58,5,9,1843.63,398.4,319696.55
16469,2025-02-03,88,14,1,2,473.33,84.68,93415.08
16477,2025-02-22,2607,13,14,4,1786.6,220.55,101811.71
16484,2025-06-04,135,32,11,5,1844.26,359.21,256142.34
16490,2025-02-14,1348,25,1,5,81.73,11.35,7684.12
16492,2026-01-09,1688,71,8,6,56.4,10.94,8998.22
16505,2025-12-17,2514,27,15,10,1183.85,275.4,99946.85
16520,2025-05-14,1962,73,4,8,1965.67,332.52,301454.51
16523,2025-01-22,3549,25,12,11,297.97,53.89,7866.2
16531,2025-01-05,1665,98,13,2,1657.51,403.35,330924.13
16540,2025-03-03,2284,69,6,2,1778.04,396.34,332197.81
16544,2025-02-07,169,14,5,10,1872.46,208.79,40276.18
16545,2025-06-23,2774,66,14,1,0.0,11.28,8425.13
16547,2025-01-08,1110,8,10,4,1841.4,198.37,348869.77
16548,2026-01-19,1817,40,6,4,856.91,89.35,121324.33
16569,2025-08-20,1844,12,14,3,780.13,110.58,145250.12
16586,2025-02-15,251,45,2,3,493.89,35.76,12473.06
16589,2025-03-01,963,80,6,10,1555.14,160.06,243403.02
16594,2025-11-21,213,55,7,2,1265.13,315.35,202330.58
16611,2026-01-26,726,47,2,8,1649.19,190.01,93397.47
16623,2025-05-05,314,40,2,12,1665.83,339.73,115630.54
16626,2026-01-13,2918,6,3,3,1314.72,119.51,202966.34
16635,2025-05-23,911,6,4,12,216.42,48.53,16671.46
16652,2025-06-02,520,13,10,11,453.35,61.8,38809.05
16658,2025-03-12,2499,69,9,11,1506.86,301.67,87313.93
16669,2026-01-31,85,39,12,3,1189.25,80.66,154967.39
16677,2025-11-03,2390,20,12,6,310.44,23.51,11389.19
16678,2025-01-26,1079,15,9,1,1326.8,182.87,247206.64
16684,2025-04-26,975,21,10,12,736.39,93.56,79971.72
16686,2025-02-08,827,30,15,10,555.63,138.63,53671.55
16689,2025-07-14,3577,39,7,10,1464.17,181.27,250160.4
16700,2025-06-11,1983,69,5,7,-216.88,39.84,13415.97
16702,2025-05-31,1648,8,14,10,740.79,116.54,124541.58
16710,2026-02-02,2688,65,14,6,1322.29,247.77,232589.21
16726,2025-03-03,1262,20,11,6,144.34,25.92,6213.85
16735,2025-05-17,2163,69,14,12,1800.77,254.35,292623.62
16743,2025-05-08,2218,41,14,5,1691.2,165.88,152778.38
16755,2025-03-18,1012,21,15,3,1917.33,110.27,193703.35
16759,2025-02-28,619,77,2,6,852.85,148.35,136239.98
16764,2026-02-04,866,25,15,7,784.77,93.11,49304.32
16765,2025-01-11,1816,78,1,1,1636.59,158.73,61998.71
16768,2025-04-14,908,66,13,9,1216.91,244.23,56613.64
16803,2025-10-10,1230,23,2,3,582.7,45.32,84493.13
16818,2025-10-30,1817,17,12,7,1921.05,212.51,58115.37
16823,2025-04-25,2077,10,7,8,1649.05,279.1,162694.79
16824,2026-01-10,2657,1,2,3,1583.37,115.82,131344.45
16835,2026-02-06,1239,51,9,9,175.06,22.59,22352.99
16883,2025-04-06,2615,16,1,4,1709.16,191.36,112003.9
16884,2025-07-22,463,13,2,8,812.33,192.06,105840.38
16891,2025-08-01,2973,48,14,4,424.67,40.42,47488.57
16902,2026-02-01,2902,75,1,8,1130.19,201.63,223792.74
16907,2025-08-11,1242,51,6,10,1379.14,270.56,274096.91
16918,2026-01-04,2488,30,8,10,1012.59,137.22,116917.7
16922,2025-12-02,2310,8,7,8,0.0,69.24,39090.19
16923,2025-08-30,2671,21,3,4,1547.49,109.0,139053.8
16926,2025-01-11,701,3,15,1,83.57,14.34,4374.4
16940,2025-06-01,380,48,5,12,948.94,180.19,136669.79
16949,2025-11-13,763,75,12,5,1219.54,281.13,242527.78
16958,2025-11-05,1301,74,8,10,477.7,49.86,55118.82
16961,2026-01-19,476,5,2,7,1462.13,317.33,84813.7
16969,2025-10-27,2601,75,11,10,1596.87,83.18,88087.27
16973,2026-02-13,884,64,15,10,1954.5,121.83,192450.2
16977,2025-09-29,402,77,4,5,713.27,103.09,69204.18
16983,2026-02-08,665,59,9,10,1176.6,132.39,229987.9
16989,2025-10-11,2121,76,10,2,1231.08,258.09,42341.44
16993,2025-04-17,485,67,2,12,1938.75,258.67,345146.92
17001,2026-02-14,828,49,7,11,1398.46,74.13,180191.76
17017,2025-11-18,1808,43,9,6,219.15,49.13,41955.23
17021,2025-05-12,1929,24,12,4,626.52,100.5,50200.34
17030,2025-05-31,2138,12,9,4,1134.62,200.5,103878.57
17086,2025-09-11,2075,48,10,2,1033.35,244.75,43886.57
17096,2026-01-23,2400,41,10,11,988.21,182.11,72555.98
17110,2025-08-25,2443,33,15,11,962.45,79.11,43289.08
17129,2026-01-05,538,70,1,4,1936.17,121.16,361736.56
17156,2025-03-05,1721,15,8,2,1545.86,281.81,70857.84
17165,2025-02-11,2292,19,2,1,1322.8,175.78,171753.23
17174,2025-06-13,2501,24,5,1,1895.01,181.06,44010.15
17185,2025-01-30,2354,19,7,4,923.36,66.31,163934.17
17187,2026-01-02,2554,65,12,11,525.81,35.09,24846.89
17193,2025-03-09,1532,74,10,11,214.7,13.86,6583.94
17202,2025-10-23,2963,42,12,11,1370.45,217.94,223754.67
17220,2025-12-31,580,60,8,3,644.72,141.88,108705.32
17229,2025-01-15,1924,16,13,5,1719.29,211.39,225699.17
17241,2025-10-23,2702,74,9,1,99.28,21.68,10372.85
17248,2025-06-05,279,43,2,10,1556.88,190.18,174034.98
17255,2025-09-20,2136,47,11,7,454.64,108.29,22655.62
17264,2025-09-27,1244,18,11,2,520.87,112.09,41925.35
17268,2025-10-21,2227,36,5,9,1065.84,225.51,140391.35
17273,2025-09-07,1272,46,1,1,1829.48,402.73,352946.1
17282,2025-12-04,1747,43,3,7,1418.92,297.62,34926.07
17298,2025-09-11,154,38,5,6,1405.96,93.41,77279.43
17317,2025-06-21,1458,27,9,4,1658.61,398.1,65204.95
17318,2025-03-25,2922,38,11,5,1318.32,108.63,214120.52
17331,2025-10-31,31,70,3,6,1132.19,210.62,190462.82
17341,2025-09-22,2427,51,5,7,335.11,77.86,54309.16
17387,2025-03-12,1019,38,12,4,1074.7,174.14,113920.28
17389,2025-05-30,761,40,14,8,1677.86,312.97,251638.89
17390,2025-02-16,1429,3,1,9,1498.97,370.37,180823.59
17403,2025-08-11,1596,71,5,5,567.1,81.83,54916.36
17415,2026-01-26,2899,53,11,9,1308.7,262.16,36883.56
17433,2025-06-17,2582,2,4,8,618.28,124.99,95485.14
17436,2025-07-22,1005,40,13,11,291.0,38.64,34745.26
17442,2026-02-16,866,11,8,4,1555.49,335.89,175781.37
17450,2025-09-05,987,16,2,6,1378.04,322.64,176373.03
17468,2025-01-21,2898,56,11,6,870.06,71.09,125911.17
17474,2025-04-04,113,8,10,1,241.98,20.09,32161.96
17476,2026-02-02,1154,68,8,6,1913.17,277.17,259245.76
17488,2026-01-22,2829,71,15,12,521.16,81.16,52100.03
17492,2025-05-19,1631,55,7,10,361.05,80.29,39813.86
17500,2025-02-18,1920,67,15,3,77.49,11.06,3352.05
17508,2025-01-31,12,25,9,1,1860.02,407.19,75909.48
17509,2025-03-13,2812,2,13,2,69.9,4.48,13810.04
17512,2025-11-05,107,55,3,4,1824.6,333.67,274352.16
17514,2025-07-15,1643,31,9,5,1518.34,118.5,150804.04
17518,2025-08-08,2248,67,12,8,120.75,15.93,8989.47
17525,2025-12-05,2969,43,9,12,639.08,115.39,82840.02
17546,2025-05-24,1353,5,7,4,1306.46,166.86,174391.89
17563,2025-11-27,285,12,1,5,1637.35,223.27,296813.09
17579,2025-07-06,2520,42,12,3,1827.3,390.43,158460.43
17605,2025-08-13,2554,19,5,8,1166.95,265.06,29906.57
17611,2025-04-25,2741,19,5,6,1595.36,393.94,300174.72
17617,2025-04-10,2250,55,3,11,946.89,141.3,151985.92
17629,2025-10-26,1006,28,10,4,491.7,85.3,25352.71
17630,2025-11-01,995,78,6,12,1848.65,220.03,247275.51
17641,2025-04-15,535,63,10,10,206.95,44.94,41298.21
17646,2025-03-19,842,1,4,9,1655.35,279.54,305280.85
17652,2026-01-11,2436,29,12,3,997.51,73.46,116447.9
17661,2025-07-20,2851,3,6,7,1041.33,173.39,158649.61
17664,2025-01-17,54,4,4,11,1429.5,230.28,92508.26
17680,2026-01-28,2492,42,5,10,1885.43,183.58,304939.6
17688,2025-08-14,2554,18,4,1,1286.26,112.11,239402.99
17725,2025-03-01,194,28,15,10,1069.69,257.89,207011.97
17741,2025-05-29,2569,52,11,10,1065.72,94.57,34523.32
17754,2025-09-20,2906,7,14,4,1068.84,224.73,85901.53
17766,2025-02-23,2103,68,2,7,1151.21,182.3,184421.07
17771,2026-01-28,343,34,13,12,1152.46,96.68,188957.92
17775,2026-02-20,1516,23,13,9,415.48,96.61,38569.0
17812,2025-05-19,1761,50,7,8,1919.16,253.4,267112.5
17814,2025-06-14,1627,29,13,11,1262.16,116.81,50418.33
17826,2025-05-08,979,9,8,7,299.67,26.77,23219.83
17864,2026-01-25,1648,43,12,10,1370.71,143.43,239114.78
17867,2025-06-20,2916,39,7,3,1969.04,352.64,152625.78
17885,2025-05-01,861,3,5,11,1694.92,168.15,257048.29
17900,2025-07-28,1210,15,4,3,967.35,192.72,132840.88
17920,2025-07-27,586,41,13,3,1603.77,174.68,61289.62
17935,2025-04-12,1674,26,15,7,1207.07,192.82,73573.33
17940,2025-02-03,1531,67,8,4,319.55,27.06,10916.14
17947,2026-02-13,3624,9,15,10,304.45,46.62,21867.59
17962,2025-11-16,240,24,2,11,1578.56,289.75,309135.99
17972,2025-04-23,2714,70,7,2,1862.58,2973.33,40886.98
17974,2025-11-05,2716,69,14,2,1798.19,118.24,214492.1
17983,2025-06-09,2152,17,5,12,1437.65,90.47,103598.75
17998,2025-07-26,1243,34,1,12,1723.97,156.79,241768.41
18013,2025-10-21,2645,76,15,4,599.34,103.13,57970.72
18016,2025-07-24,2520,29,13,7,1072.9,91.82,87801.03
18020,2025-11-19,912,34,12,3,930.92,218.83,83332.45
18026,2026-02-15,929,72,9,10,159.48,30.88,6800.43
18037,2025-12-31,1472,73,8,10,650.86,33.42,16009.48
18046,2025-10-10,1034,60,2,3,1333.15,92.2,122032.42
18052,2025-04-12,2430,48,10,9,1514.28,135.85,171037.47
18061,2025-03-03,2965,21,15,5,838.62,86.78,105431.16
18068,2025-12-30,2430,22,9,3,654.62,146.26,13166.85
18073,2025-09-04,734,57,2,2,359.73,32.57,69885.29
18077,2026-02-04,2690,15,11,12,787.17,89.91,47163.21
18085,2025-02-23,819,30,4,3,752.19,61.97,92697.42
18097,2025-02-27,2595,57,6,4,737.96,103.66,135498.12
18109,2025-08-15,2456,63,3,8,1414.8,209.89,211337.86
18117,2025-10-23,680,57,4,12,195.86,13.76,36516.38
18126,2025-11-03,788,71,11,2,852.87,134.66,98006.09
18139,2025-07-15,1386,67,13,7,1083.75,218.84,146734.87
18146,2025-06-01,140,56,2,6,1964.68,320.83,208068.28
18152,2025-05-20,2570,67,11,9,1546.9,92.82,172856.11
18194,2025-12-25,1486,67,7,3,742.19,45.09,74302.21
18197,2025-08-17,2795,11,8,9,810.48,106.63,145877.23
18242,2025-08-24,5,45,11,12,89.49,9.84,3565.0
18247,2026-02-18,615,20,5,4,981.34,132.49,44841.21
18249,2025-01-28,2396,57,3,7,888.7,163.58,20559.83
18254,2025-11-27,1154,51,9,8,1465.2,344.22,130940.42
18261,2025-06-05,2074,46,15,4,1451.85,285.93,232699.08
18271,2026-01-31,101,51,1,4,907.16,132.38,79844.85
18278,2025-06-04,258,37,12,11,942.71,129.65,60166.07
18281,2025-08-09,716,5,12,6,245.85,23.11,42195.67
18296,2025-05-08,2861,77,11,9,1796.83,235.42,212336.0
18302,2026-01-20,1486,78,6,8,1902.41,348.9,162604.52
18307,2025-04-04,365,30,13,7,494.9,104.77,59954.45
18316,2025-05-15,2363,59,15,1,588.43,84.66,70794.11
18318,2025-01-21,1655,74,13,3,1977.44,238.03,260366.57
18343,2025-08-20,2420,14,7,11,298.54,27.3,44657.88
18348,2025-03-20,5,61,13,3,-275.57,68.45,44963.74
18364,2025-09-22,820,25,10,2,644.05,102.98,62215.81
18372,2025-10-09,175,78,15,10,805.35,125.32,142221.57
18385,2025-06-05,2736,38,4,9,1243.01,191.92,101602.6
18386,2025-05-11,1119,35,13,6,1352.47,164.37,265745.88
18402,2025-10-03,1883,25,10,5,1808.23,431.94,216973.96
18412,2025-10-15,1402,69,1,1,453.84,109.29,14530.85
18413,2025-05-30,883,70,5,6,846.62,92.41,164050.19
18437,2026-01-08,77,1,1,5,1800.01,301.79,293423.13
18439,2025-07-07,502,39,1,8,951.32,237.1,152878.34
18451,2025-08-11,1864,53,14,6,449.67,41.9,38075.3
18477,2025-07-15,1929,38,11,8,727.57,139.82,93111.71
18487,2026-01-10,2757,30,10,5,458.02,101.6,25645.51
18504,2025-03-09,373,48,5,6,1526.13,77.2,292526.84
18536,2025-02-25,2356,78,14,5,1243.64,173.66,145053.59
18542,2025-07-17,2436,41,10,9,1349.21,162.01,158822.49
18576,2025-01-28,156,57,9,3,1955.35,370.12,296095.34
18590,2025-10-06,2886,61,14,5,1942.55,480.16,221815.16
18594,2025-11-14,2618,43,12,2,1304.16,259.65,236680.52
18610,2025-11-21,1738,5,14,7,1240.11,159.13,137334.95
18646,2025-08-13,1717,28,4,9,501.85,92.99,24771.73
18648,2025-07-21,2318,70,9,2,1686.76,2355.18,83640.16
18650,2026-01-03,435,68,4,2,1262.68,120.76,114930.41
18662,2025-06-23,21,68,13,4,1896.86,324.3,219208.25
18700,2025-01-31,21,41,7,10,1856.86,316.31,150002.82
18706,2025-03-27,817,32,15,1,1630.48,123.12,257974.22
18720,2025-10-09,829,21,4,2,0.0,42.34,37337.09
18728,2025-03-10,583,19,3,12,1957.0,452.09,227920.27
18733,2025-09-26,916,50,15,12,1082.31,138.21,24921.19
18736,2025-12-26,2556,65,6,12,1940.62,262.12,117575.34
18742,2025-12-27,1388,58,14,12,934.63,1213.33,173463.81
18746,2025-05-01,1038,48,1,9,1067.88,172.21,122116.91
18753,2026-02-10,1687,51,3,6,1496.5,1731.05,294651.68
18757,2025-08-12,2239,16,7,4,996.92,127.69,41439.05
18761,2025-09-23,2394,46,14,5,1245.54,98.21,181355.74
18765,2025-10-20,1915,30,13,3,1114.94,276.11,41440.54
18766,2025-11-24,1657,30,9,11,408.54,72.15,54473.24
18772,2025-01-07,578,55,1,6,1677.39,379.41,309721.37
18782,2025-01-31,678,42,7,5,835.2,87.92,104453.96
18784,2026-01-26,1938,35,1,8,1394.74,83.72,144336.41
18791,2025-09-04,1083,72,8,2,199.63,13.45,21314.14
18806,2025-06-16,2234,68,12,5,1995.81,204.36,199580.99
18814,2025-04-07,2843,37,13,10,1790.25,255.11,51409.02
18815,2025-10-24,460,26,1,5,1938.07,333.86,101620.68
18825,2026-02-16,2646,45,13,10,1737.73,203.85,226813.54
18830,2026-02-11,1654,5,11,1,79.37,10.63,8266.33
18833,2025-10-19,128,49,5,3,1317.58,151.49,235056.71
18848,2025-09-02,2193,26,7,5,1715.67,203.94,336500.22
18859,2026-01-08,1790,47,2,7,1308.06,218.63,218091.79
18894,2025-10-22,405,34,5,5,1078.17,180.27,59427.83
18897,2025-01-04,638,42,4,8,441.58,96.22,44396.93
18903,2025-06-09,1286,38,14,2,1302.51,160.44,220843.52
18912,2025-05-24,2272,80,12,9,1865.15,243.1,167992.32
18921,2025-02-01,2300,24,14,6,276.21,39.43,42590.34
18924,2025-03-01,1522,43,3,1,245.67,20.79,32438.9
18933,2025-10-14,1914,79,9,10,113.6,19.65,15092.97
18986,2025-01-10,1458,42,15,5,942.97,88.37,26542.08
18989,2025-06-26,2747,3,5,4,426.43,32.33,12920.94
18994,2025-03-07,1680,42,3,1,266.63,44.15,46960.8
18997,2025-06-30,1696,13,7,8,1795.91,355.14,329711.34
19003,2025-08-26,2871,70,12,8,1899.19,106.82,345549.5
19005,2025-01-02,325,66,11,6,1221.88,266.12,177101.7
19018,2025-08-25,1410,57,1,3,392.29,70.67,36733.73
19022,2025-03-02,2651,27,7,12,729.48,180.13,34648.34
19038,2025-11-22,200,31,7,9,1062.38,69.87,70753.6
19058,2025-06-11,1866,53,1,8,1807.81,290.5,302423.31
19063,2026-02-07,1450,40,1,5,1374.44,182.23,58093.45
19074,2025-08-13,2291,79,12,3,837.58,122.37,108026.37
19086,2025-06-28,3851,50,12,7,1578.4,86.86,42158.83
19090,2025-12-15,1329,49,9,12,712.39,43.4,26912.96
19093,2025-11-23,689,23,4,8,1229.42,83.34,46686.71
19098,2025-03-21,1657,8,13,3,1086.55,102.15,38265.31
19106,2025-02-11,2615,53,14,9,1061.46,154.12,182549.13
19115,2026-01-09,2683,40,4,6,1815.34,380.64,159868.02
19125,2025-04-15,862,76,13,5,1652.62,350.6,92728.81
19152,2025-11-02,1878,70,14,9,942.48,184.58,137175.26
19209,2026-01-20,628,43,15,9,557.92,989.1,98709.85
19210,2025-10-02,537,18,2,3,51.44,4.42,1691.78
19222,2025-07-25,2400,5,3,5,663.65,49.87,65012.63
19225,2025-08-18,1446,80,10,6,1019.67,198.53,37866.44
19236,2025-08-22,2144,5,13,1,1497.91,96.46,175711.79
19242,2025-09-14,2068,38,11,6,73.81,18.42,7074.61
19247,2025-01-01,1346,57,5,8,1316.88,192.3,45773.16
19252,2025-10-23,150,30,4,5,76.2,10.92,13450.11
19259,2025-05-23,978,55,13,9,1765.92,336.62,47915.57
19274,2025-09-22,2295,9,9,9,1961.57,243.16,270520.03
19299,2025-06-15,1351,71,15,2,1755.58,2871.48,184897.19
19336,2026-01-08,1404,45,13,5,570.45,73.29,72597.26
19342,2025-01-07,483,24,1,11,613.87,94.76,26683.7
19351,2025-03-25,2855,63,5,2,1827.54,124.18,101021.49
19370,2026-02-06,2961,30,11,10,1709.15,338.08,266674.37
19372,2025-04-17,1632,58,1,4,1890.08,412.24,269550.54
19392,2025-02-23,2750,74,4,11,279.82,33.4,52896.44
19403,2026-02-04,222,12,5,7,714.47,42.48,23037.66
19418,2025-07-24,112,76,11,12,1324.08,146.77,97051.08
19442,2025-03-26,1182,78,14,3,1778.34,279.61,118734.91
19447,2026-01-13,1225,12,13,6,-1090.5,243.67,140771.35
19456,2025-11-12,2047,31,6,2,269.06,16.85,13322.42
19458,2025-08-03,2062,7,14,8,1442.33,121.28,249339.58
19464,2025-09-02,250,25,8,6,1461.3,258.38,63188.75
19497,2025-01-05,240,49,6,5,1089.43,81.3,35628.17
19503,2025-02-10,2075,40,9,5,617.36,117.25,15856.96
19519,2025-03-11,2891,18,6,1,1356.12,316.12,198302.6
19530,2025-05-20,151,69,14,1,77.15,5.16,4710.33
19538,2025-10-20,1618,8,10,4,476.47,98.91,89650.69
19548,2025-01-22,480,71,8,4,457.59,96.37,13531.49
19552,2025-09-03,2946,60,6,3,1354.63,333.1,194444.88
19565,2025-05-05,3702,29,5,11,1711.04,125.77,186674.35
19575,2025-10-17,659,50,13,7,1224.62,190.44,75833.16
19591,2025-11-30,767,42,1,2,898.27,206.43,64674.82
19640,2026-01-29,1259,39,3,6,1608.85,300.02,256644.73
19646,2025-10-26,2428,47,13,9,865.35,137.3,27152.66
19649,2025-10-23,1642,70,2,4,1984.16,189.96,390232.42
19670,2026-01-04,2008,49,3,12,444.1,98.19,11668.55
19672,2025-06-30,1271,75,5,5,1601.15,164.75,238227.84
19677,2025-01-22,2191,74,9,10,447.12,102.24,20626.99
19691,2026-01-23,1909,70,2,2,851.95,182.78,94432.67
19711,2025-09-28,636,33,1,6,892.56,136.64,27911.19
19722,2025-08-29,918,48,1,7,1820.14,94.5,44929.82
19754,2025-04-17,1477,6,3,7,1384.53,248.07,84851.48
19765,2025-12-25,2863,63,9,3,820.09,42.3,157973.37
19772,2025-09-09,2229,78,9,4,1337.43,239.83,175227.65
19779,2025-07-31,1193,6,14,7,1880.32,199.24,187173.49
19823,2025-02-25,178,45,11,11,1381.6,184.13,259728.68
19906,2025-11-07,240,54,12,8,1473.68,95.05,122543.71
19908,2025-11-10,241,24,12,2,1746.27,364.94,81358.06
19944,2025-05-17,811,50,6,11,1982.31,156.56,189169.26
19945,2026-02-04,2299,6,3,9,951.62,143.22,62917.97
19960,2025-04-28,1472,78,4,2,1954.95,385.92,252911.05
19966,2025-01-11,1839,1,4,3,145.51,32.49,10373.19
19973,2026-01-13,2588,28,10,12,1076.5,1852.88,115637.08
19974,2025-11-15,1740,62,2,11,1923.45,235.99,114532.67
19996,2025-10-20,1799,35,13,12,1540.51,77.1,78686.06
20004,2025-03-05,490,38,1,5,473.27,86.98,38932.95
20012,2025-08-20,2450,54,15,1,1123.88,140.44,210078.67
20022,2025-10-04,2135,75,14,12,1714.02,352.26,237486.99
20027,2025-09-12,1547,5,2,6,330.3,38.26,56487.32
20039,2025-11-01,150,1,7,4,1434.59,179.49,75817.8
20042,2025-07-30,1117,70,3,2,1657.16,354.26,212069.77
20047,2025-01-01,256,72,2,11,891.22,81.24,172975.08
20049,2025-05-08,420,50,9,7,-1724.32,194.07,49062.93
20061,2025-05-27,2390,43,2,7,114.5,15.61,8223.7
20108,2025-04-20,123,14,7,6,128.69,23.17,24144.35
20120,2025-02-04,1241,5,3,10,1707.19,369.54,291498.8
20125,2025-03-03,1189,18,10,10,1119.37,138.28,124197.25
20136,2025-11-12,1421,8,4,9,1400.01,132.41,140077.83
20138,2025-03-25,2806,34,5,5,225.09,46.21,21616.74
20141,2026-01-26,2545,5,2,2,1307.73,312.27,152887.66
20166,2025-06-06,1824,16,9,11,1269.93,76.53,138746.94
20168,2026-01-21,2313,9,2,5,757.35,92.44,38283.97
20171,2025-05-11,2167,66,14,10,1800.16,152.17,178548.05
20175,2025-03-06,457,73,1,12,1717.01,331.93,200496.69
20191,2025-03-02,1093,43,3,9,355.03,40.32,21752.75
20208,2025-09-05,2781,17,5,2,1786.98,216.09,271631.51
20225,2026-01-13,2996,54,15,9,1277.79,105.46,228661.56
20226,2025-01-14,429,69,3,4,-1873.32,380.88,143307.66
20233,2025-05-19,1902,24,14,6,1376.79,194.66,238582.92
20269,2025-04-29,2331,24,3,9,1888.47,102.9,112342.19
20279,2025-08-21,794,41,11,10,239.81,52.04,24434.47
20280,2025-01-10,1661,5,11,6,1662.46,339.28,300737.05
20281,2025-06-15,2226,58,2,7,724.97,86.62,115431.67
20299,2025-08-13,1058,32,12,6,1494.4,362.73,176714.9
20326,2025-02-15,2422,73,12,11,720.75,161.52,19626.25
20356,2025-06-13,2507,7,11,9,1383.72,190.41,265777.5
20368,2025-03-20,593,73,15,8,632.1,156.29,45709.32
20373,2026-01-31,734,39,7,4,1580.67,257.42,53772.23
20374,2025-10-19,6,54,11,3,262.67,31.19,42082.8
20379,2026-02-19,2002,53,7,8,-1309.85,176.85,232375.3
20382,2025-12-20,1875,71,6,12,1164.28,133.02,61707.57
20388,2025-08-22,1182,74,3,8,65.65,10.08,1657.7
20406,2025-01-01,265,79,11,11,800.62,88.26,98109.76
20408,2025-03-26,890,31,13,5,1251.88,200.71,167491.8
20415,2025-05-06,2247,64,7,12,1354.98,301.6,179950.0
20424,2026-01-25,2281,34,13,7,1859.29,297.25,252785.45
20431,2025-03-20,2697,6,5,6,1619.66,186.0,246965.98
20441,2025-01-26,2722,13,6,1,856.17,47.19,56060.38
20449,2025-07-02,1800,72,6,9,878.63,147.06,173179.07
20450,2026-02-18,1536,77,2,4,686.34,169.92,31198.11
20459,2025-11-17,1132,73,13,12,596.02,58.9,115149.0
20468,2025-06-30,959,14,8,7,1176.89,137.86,144811.55
20479,2025-06-05,1371,31,1,8,1492.12,1736.68,163841.43
20484,2025-09-25,2370,19,14,7,1558.59,229.25,128848.92
20491,2025-05-27,2406,40,13,2,1751.57,296.83,102507.44
20509,2025-10-03,419,78,13,12,369.05,67.3,10919.14
20512,2025-11-03,360,65,12,3,1945.14,168.12,113595.19
20528,2025-11-07,297,3,5,2,89.54,12.72,5030.53
20544,2025-01-05,2829,40,6,8,1181.27,102.11,114488.55
20554,2025-04-20,910,34,6,10,697.32,159.59,98342.64
20558,2025-09-26,882,36,6,1,954.47,116.34,160726.16
20570,2025-01-29,178,43,5,8,1227.45,256.26,149914.78
20581,2025-09-21,446,63,13,8,745.08,127.83,88027.48
20585,2025-03-04,2943,6,4,11,804.73,98.55,69035.1
20603,2025-07-21,2904,23,10,9,404.82,82.62,16460.51
20604,2025-11-19,2322,5,6,9,620.13,96.83,77350.44
20629,2025-06-18,865,48,7,12,146.59,16.07,25464.96
20632,2026-02-01,2904,66,2,9,1222.26,279.13,66591.6
20649,2025-03-04,568,72,13,4,81.48,11.24,15837.11
20656,2025-06-26,1922,1,11,1,492.83,99.88,17386.79
20661,2025-09-26,1127,35,4,1,1150.1,227.02,218501.77
20682,2025-01-15,1192,20,13,12,580.31,86.81,83478.51
20684,2026-01-20,254,19,8,8,0.0,126.4,162828.31
20692,2025-04-05,2189,77,9,12,659.87,48.72,48812.99
20705,2025-11-26,1502,28,6,9,274.82,32.1,48171.38
20719,2025-07-12,1371,20,3,4,628.3,136.8,27877.28
20736,2025-05-18,1044,47,3,10,661.09,38.0,44073.22
20740,2025-01-08,1835,74,11,7,-965.0,106.02,52722.68
20744,2026-02-10,1194,74,3,9,96.2,10.19,6778.2
20753,2025-08-12,342,25,3,8,1788.51,147.17,113777.46
20763,2025-02-25,2620,56,6,12,1693.15,291.44,201359.78
20767,2025-11-23,2028,68,8,3,1443.34,88.05,120181.24
20827,2025-11-17,2949,60,15,2,1292.2,134.86,178845.89
20828,2025-11-01,1241,27,9,2,207.23,49.74,34559.63
20836,2025-11-17,2713,31,14,2,1706.66,214.47,204779.27
20843,2025-08-13,1485,70,1,12,561.24,117.3,33916.87
20858,2025-04-02,2318,61,11,12,0.0,80.35,96794.96
20859,2025-04-20,531,13,5,2,344.27,62.5,14171.69
20862,2025-06-26,1022,74,7,11,149.32,24.03,15452.58
20887,2025-06-17,1859,34,13,5,270.99,21.32,29780.64
20893,2025-10-10,2084,8,3,12,662.39,1181.48,33998.92
20901,2025-07-24,1738,1,3,1,799.58,193.94,84468.63
20910,2025-06-08,1897,1,2,1,1472.64,198.95,48129.73
20928,2025-11-15,2888,19,9,7,185.19,19.39,11869.96
20945,2025-12-22,2174,24,11,4,1641.53,184.7,90023.77
20946,2025-11-26,1283,54,12,8,551.85,126.04,83068.62
20949,2025-03-23,2702,55,13,4,627.9,81.63,31639.54
20953,2025-01-16,1589,70,4,7,1942.89,267.29,370296.25
20955,2025-08-18,2469,15,14,2,730.75,111.56,41090.44
21010,2025-04-20,492,74,9,6,1128.45,127.89,70723.59
21026,2026-01-18,2755,29,14,9,763.69,127.39,31645.22
21034,2025-10-12,944,61,11,3,1491.3,287.53,256878.93
21037,2025-07-13,1722,49,5,12,454.34,25.43,55010.81
21067,2025-02-23,2307,10,7,5,260.82,52.95,23679.48
21073,2025-07-23,1009,42,3,7,1885.85,290.71,278978.28
21087,2026-01-23,1318,80,5,4,1628.51,132.52,197230.23
21093,2025-05-23,2038,75,5,6,656.19,162.6,31495.27
21101,2025-03-16,2118,44,1,5,-166.47,30.02,16766.35
21102,2025-07-04,2785,51,9,1,575.55,120.67,114299.49
21115,2025-12-11,970,15,15,2,279.42,62.94,28938.48
21123,2025-12-18,1251,65,8,10,1091.54,149.52,165979.45
21125,2025-08-24,1898,61,12,1,773.06,45.44,45948.67
21133,2025-11-15,2403,18,2,1,1237.19,138.05,59795.52
21138,2026-02-11,3823,64,14,1,1882.32,309.8,376295.87
21144,2025-10-01,949,52,12,10,326.96,43.63,37628.77
21147,2025-08-26,1162,62,2,8,1825.65,324.52,56465.2
21156,2025-04-20,28,14,9,1,1546.82,279.76,64603.41
21173,2025-03-14,2753,22,1,1,-866.3,105.27,108473.27
21187,2025-06-18,405,74,6,11,130.49,19.66,24453.26
21190,2025-03-06,2620,57,3,9,1898.38,404.68,163815.22
21200,2026-02-13,2606,1,4,3,254.68,20.17,20719.02
21216,2025-01-04,232,71,12,9,905.55,219.67,98091.42
21243,2025-07-25,1374,24,7,10,1148.53,229.38,87943.42
21245,2025-04-02,2990,19,5,10,854.52,125.61,34847.73
21246,2025-12-25,1523,47,7,3,1104.16,67.29,198252.28
21254,2025-05-19,2294,68,6,5,1910.4,166.1,339777.7
21260,2025-04-11,2280,56,11,6,1034.06,141.19,29407.93
21272,2025-09-29,2569,68,11,7,91.84,19.98,6834.85
21279,2025-10-01,945,69,6,8,900.82,63.61,162234.84
21282,2025-08-31,501,65,9,10,784.81,175.65,101782.09
21283,2026-02-13,379,71,2,4,1103.12,119.97,216369.12
21285,2025-12-05,2357,28,14,12,610.43,34.97,111555.35
21286,2025-11-13,2916,31,14,1,243.82,27.41,46341.26
21287,2025-07-31,315,79,9,7,804.78,150.39,110686.71
21294,2025-05-07,1698,23,10,12,916.06,146.33,181496.9
21330,2025-04-07,2126,15,6,9,732.62,110.32,97377.63
21335,2025-05-20,2121,63,10,5,1434.18,169.55,129135.18
21342,2025-01-29,1945,49,4,3,299.37,56.57,17210.6
21356,2025-10-17,2467,30,10,5,536.88,67.72,26939.51
21361,2025-09-18,410,46,10,2,591.71,71.93,107135.17
21377,2025-04-21,1848,69,4,9,1949.03,341.82,330160.49
21385,2025-03-28,855,1,3,8,-529.87,40.5,17887.84
21391,2025-08-28,172,11,9,11,112.84,24.99,7152.41
21412,2025-04-29,1651,12,4,8,60.84,3.17,3729.01
21425,2026-02-01,1027,12,3,5,950.56,62.97,44750.86
21443,2025-07-08,2292,56,10,6,1246.36,266.57,46305.4
21444,2026-01-26,2717,53,9,4,0.0,230.29,45126.26
21454,2025-03-16,2627,80,2,5,852.53,137.86,102178.23
21474,2025-11-24,1439,52,4,6,753.23,120.47,139284.31
21483,2026-01-01,674,23,7,2,131.46,29.68,24279.89
21503,2026-02-04,2766,66,12,11,957.1,159.72,134123.27
21504,2025-09-20,1473,75,11,12,1140.65,1364.77,144408.83
21507,2025-11-20,1702,9,8,6,1494.91,362.74,52273.85
21542,2025-04-22,1387,58,10,8,882.9,169.69,86639.44
21557,2026-02-10,2158,110,6,1,1979.54,432.18,82993.88
21590,2025-08-16,1177,109,14,2,1634.4,261.29,60848.98
21591,2025-06-20,543,40,14,11,1991.08,169.91,331420.7
21629,2025-12-07,2525,16,1,2,1721.45,261.47,87778.59
21630,2025-11-13,1727,28,8,7,1804.19,181.53,38769.63
21654,2025-10-17,1026,68,8,10,1867.82,277.23,130767.18
21659,2025-04-26,3801,16,13,4,640.1,65.67,62394.0
21675,2025-09-04,2906,58,15,5,1125.72,189.68,139293.56
21689,2026-01-03,1712,4,13,11,698.93,1256.72,107371.5
21695,2026-02-03,1296,9,4,3,1738.35,351.99,157339.41
21696,2025-04-12,2388,43,15,3,1808.03,406.82,193230.79
21697,2025-04-12,1094,46,13,8,1835.43,154.35,297971.57
21700,2025-11-13,2934,24,3,11,1361.34,313.77,222649.94
21716,2025-01-08,654,70,14,11,1011.96,72.49,106872.42
21762,2025-01-10,2231,47,14,12,1338.23,104.63,34704.07
21781,2025-10-20,2402,16,7,4,1176.12,106.58,174746.35
21806,2025-02-11,1790,66,8,6,1594.36,221.31,137759.12
21807,2026-01-26,416,46,8,12,1672.65,107.37,137419.47
21833,2025-01-31,1279,21,15,2,1636.65,180.81,66847.51
21863,2025-01-05,1981,50,2,10,1936.65,263.59,350420.76
21874,2025-12-15,2535,45,12,6,1644.85,407.01,156316.31
21880,2025-09-14,2895,14,8,1,1761.11,166.85,315238.07
21883,2025-07-15,330,67,15,2,1370.95,162.3,221062.14
21910,2025-06-12,1393,59,5,4,875.64,163.24,67830.8
21914,2025-02-12,1683,11,8,1,1198.47,294.88,83820.27
21915,2025-03-18,263,35,15,10,688.0,137.91,89791.54
21916,2025-12-17,2305,80,8,6,-144.66,7.89,26730.58
21925,2025-02-07,2358,50,12,5,1796.46,129.95,232872.56
21927,2026-01-28,1022,41,12,8,425.56,40.41,29637.03
21934,2025-02-07,3505,63,15,1,1236.42,168.36,100669.63
21940,2025-05-18,794,60,3,10,1453.27,324.24,193044.9
21955,2025-02-23,1611,7,12,12,1381.94,124.69,110203.95
21959,2025-05-21,1690,80,3,8,1103.63,127.12,161667.1
21983,2025-03-29,1868,77,4,11,479.84,677.29,76923.25
22002,2026-02-05,1235,77,8,10,175.86,32.98,23125.54
22014,2026-01-24,392,78,14,9,625.51,138.84,87500.6
22020,2026-01-14,1598,5,13,1,1976.12,351.99,55388.46
22028,2025-11-05,2841,50,9,5,1989.02,445.25,76686.66
22038,2025-04-26,1798,45,10,3,982.91,68.65,80337.19
22068,2025-05-08,325,58,4,11,1376.07,222.46,199670.53
22074,2025-01-08,2554,58,3,6,1887.72,168.56,201947.33
22113,2025-03-15,1112,65,15,2,574.87,42.68,44424.14
22120,2025-07-30,288,7,3,2,1815.51,263.86,196171.65
22132,2025-05-04,2486,71,4,9,308.39,71.38,47532.59
22174,2025-03-15,634,56,4,7,360.1,20.78,62263.16
22175,2025-06-24,2373,22,2,4,1466.1,270.36,115634.43
22235,2025-03-16,1245,68,11,11,1194.41,80.66,135189.85
22243,2025-11-22,834,35,4,6,1101.1,221.58,114882.5
22253,2025-01-08,1102,51,3,7,1265.32,248.24,88777.42
22256,2025-06-29,1008,9,11,6,209.93,31.03,41423.95
22264,2025-10-10,1005,50,11,7,261.29,25.21,20566.13
22271,2025-08-13,429,58,14,6,1064.12,86.76,152972.87
22274,2025-07-03,2855,64,1,2,1727.73,144.73,250915.41
22291,2025-04-11,2252,43,15,6,0.0,12.35,8764.53
22296,2026-02-18,411,58,9,10,1207.0,111.3,34423.97
22307,2025-02-12,1562,21,8,10,822.74,42.9,19517.64
22315,2025-07-14,1392,55,1,8,787.57,178.87,23499.45
22319,2025-11-18,66,15,4,5,374.21,81.62,63646.53
22324,2025-11-22,1409,62,7,4,1070.21,175.55,24430.95
22327,2025-03-04,1375,6,4,3,193.04,37.11,21080.78
22337,2025-11-12,2805,2,5,8,1824.06,421.21,252287.74
22389,2025-11-12,2985,36,2,12,0.0,10.96,31203.82
22394,2026-02-19,24,59,8,12,1404.45,295.95,175000.58
22401,2025-11-20,1076,4,6,6,410.34,84.53,50561.63
22404,2025-07-24,2647,71,10,5,1589.01,151.19,222200.18
22410,2025-10-23,834,36,2,9,843.15,77.35,140682.48
22413,2025-11-30,1456,38,2,10,234.17,340.91,12901.33
22415,2025-02-04,208,48,2,1,608.68,48.13,99467.13
22456,2026-01-26,286,14,15,2,366.18,80.75,63195.39
22460,2025-02-16,419,63,9,5,1085.37,246.43,192400.39
22461,2025-04-13,1867,48,10,10,553.58,31.9,73393.19
22475,2025-07-16,653,18,8,5,209.98,39.6,12075.68
22478,2025-03-30,2454,14,1,7,608.65,34.69,26381.93
22487,2025-09-07,2500,17,7,11,1275.87,84.64,85866.25
22501,2025-07-06,2695,26,11,10,559.98,118.57,26529.28
22504,2026-02-04,2739,11,4,9,1080.0,107.82,100712.91
22506,2025-01-30,2130,30,8,3,172.05,24.23,6599.99
22509,2025-09-16,1010,34,10,8,736.39,58.97,39839.03
22515,2025-12-19,2215,60,7,6,859.37,214.14,68648.55
22559,2025-11-21,919,12,4,10,1047.57,173.1,119058.85
22560,2026-01-27,442,104,10,2,1704.87,347.15,139301.26
22566,2025-07-24,917,36,9,4,205.57,43.2,23010.52
22567,2025-10-24,317,74,9,2,188.13,16.85,4278.1
22576,2025-07-09,1432,42,15,7,1409.24,241.65,97920.98
22585,2025-06-25,1436,54,12,6,1855.32,214.51,258870.08
22609,2025-08-28,129,67,12,8,265.57,42.58,38000.0
22615,2025-12-12,2319,45,7,10,1047.35,260.33,70464.81
22631,2025-10-31,1054,76,13,9,755.95,118.6,109986.96
22640,2025-12-03,1259,65,10,10,1867.1,356.98,88225.33
22644,2025-12-16,1609,69,13,1,-925.14,59.59,165664.87
22647,2026-01-05,1849,59,8,9,1026.22,119.69,115765.74
22654,2025-07-06,2453,49,5,5,1803.57,194.64,356363.1
22660,2025-10-24,2187,35,9,6,514.41,900.62,91394.63
22679,2025-12-16,1896,5,1,10,-319.14,56.98,25375.77
22687,2025-10-20,2001,30,2,6,162.02,36.73,27488.58
22716,2025-10-31,961,66,1,6,1109.95,151.28,135653.84
22720,2026-02-05,2119,62,11,12,97.89,17.97,4411.32
22737,2025-04-16,2862,18,5,12,1551.51,313.64,136727.78
22746,2026-02-07,1648,29,15,2,878.29,97.48,139060.65
22754,2025-05-03,2129,22,5,5,1270.59,293.12,214796.22
22767,2025-04-12,1907,5,12,12,861.74,100.74,149895.13
22770,2025-03-21,22,63,3,3,321.73,42.25,21000.69
22782,2025-05-22,1309,51,4,9,1642.58,158.84,260984.84
22792,2025-10-13,1316,17,7,7,1117.43,96.67,142902.15
22793,2025-08-16,490,9,4,7,1645.06,163.63,91130.26
22796,2025-01-23,1009,11,11,12,242.43,33.9,39083.36
22813,2025-05-11,2844,55,14,3,790.72,163.47,107206.32
22819,2025-04-15,3551,8,13,7,448.91,45.71,21394.3
22825,2025-07-16,2912,2,13,3,1344.99,298.58,185255.98
22837,2025-09-18,1245,74,8,11,1507.94,143.44,58370.27
22840,2025-06-27,608,23,4,1,1058.6,223.45,66663.98
22841,2025-04-18,1240,10,5,1,237.62,46.65,18126.74
22850,2025-11-07,316,62,1,7,645.52,84.57,29707.9
22878,2025-07-15,2040,64,2,9,1651.46,343.77,261151.31
22880,2025-07-21,1484,33,14,10,626.76,135.75,39370.91
22888,2025-07-29,195,34,12,2,846.15,82.27,106787.32
22908,2025-03-19,520,28,12,5,1592.05,80.77,249149.6
22909,2025-05-21,1983,68,7,2,575.49,137.65,15441.58
22934,2026-02-05,2198,4,8,11,575.93,45.02,52531.49
22937,2026-01-23,2172,27,7,9,921.76,182.36,79785.48
22943,2025-03-31,1560,33,6,6,858.36,64.8,66595.8
22984,2025-11-21,2911,16,15,1,711.84,137.75,100829.32
23022,2026-02-15,780,54,9,8,1058.78,216.6,164947.08
23044,2025-07-27,187,14,5,4,1935.22,377.01,161700.75
23063,2026-01-28,1877,34,7,9,59.39,10.17,3510.43
23064,2025-11-17,153,1,1,1,1154.52,109.53,203147.17
23076,2025-12-28,951,17,14,2,162.76,20.06,18447.66
23078,2025-03-09,632,80,3,5,1556.82,79.32,57064.13
23079,2025-02-19,2268,5,5,2,784.09,110.56,143602.91
23088,2025-08-29,1518,27,14,6,1125.99,219.72,69221.21
23092,2025-07-02,54,11,14,7,818.92,172.41,52694.92
23100,2026-02-10,2006,76,7,5,666.66,117.31,20735.06
23104,2025-09-17,341,35,1,12,375.86,24.93,8021.1
23106,2025-06-02,2061,36,2,1,392.52,68.74,31083.68
23114,2025-09-13,653,2,2,9,1975.03,342.24,92579.61
23128,2025-07-09,1938,53,8,11,190.02,44.45,35150.65
23130,2025-12-04,1616,48,12,3,662.83,72.87,80007.81
23175,2025-10-11,2525,61,3,11,1260.21,210.2,71795.76
23178,2026-02-13,2002,8,9,10,1194.11,246.13,40017.88
23193,2025-07-20,2690,53,7,10,629.24,42.18,14115.55
23196,2025-11-27,2218,71,7,10,298.27,16.83,50957.12
23199,2025-01-22,2739,25,5,8,1564.35,144.98,90683.97
23201,2025-08-13,1832,15,11,10,1540.76,142.07,38590.08
23206,2025-09-14,1629,36,4,8,477.35,99.76,70281.49
23212,2025-08-10,101,66,9,9,171.85,28.05,12249.13
23244,2025-06-15,2740,19,5,1,127.04,23.93,11380.64
23246,2025-10-15,2266,69,11,12,711.03,118.32,139968.48
23248,2025-08-18,1711,46,1,11,1468.46,162.36,244952.37
23251,2026-01-20,222,50,11,7,1275.89,251.91,32434.66
23258,2025-11-05,2210,23,1,10,1023.17,67.33,71514.86
23287,2025-04-20,943,21,9,1,1587.55,158.81,191755.18
23291,2026-02-01,470,52,14,7,1801.91,407.8,36722.02
23296,2025-04-26,873,38,3,11,492.87,98.94,57418.6
23302,2025-06-02,1168,23,12,8,439.5,26.25,35371.81
23315,2026-01-31,180,21,6,7,1258.97,1941.33,147872.23
23325,2025-10-29,1364,12,11,4,-420.56,744.57,42984.78
23327,2025-05-09,2153,28,6,3,1613.75,301.22,216023.27
23337,2025-10-24,2652,67,10,12,166.64,18.09,17369.44
23339,2025-05-21,1514,72,1,5,541.13,59.97,39678.61
23354,2025-11-18,2802,44,6,5,1905.61,286.35,208943.94
23363,2026-01-07,924,42,12,1,1655.96,295.44,241335.23
23365,2025-02-10,2608,53,11,3,481.99,34.51,67116.87
23366,2025-08-03,591,64,10,7,1878.37,433.27,288605.28
23379,2025-11-02,498,20,11,5,1499.61,90.54,266980.83
23386,2025-11-22,1886,24,11,10,671.84,38.29,88335.14
23418,2025-04-05,2951,75,9,11,953.71,139.61,163789.4
23427,2025-12-26,1035,37,4,10,1162.66,187.92,197905.23
23439,2025-07-01,2063,9,4,10,1855.41,122.73,269049.28
23471,2025-10-02,717,20,10,10,1857.48,192.38,47154.55
23472,2025-12-09,179,1,13,10,1117.21,85.23,157299.46
23489,2025-07-22,1518,47,15,11,270.83,24.7,53997.15
23518,2025-02-06,1599,24,11,4,1352.72,79.04,105396.46
23531,2025-03-02,780,33,2,1,494.85,52.24,22331.64
23535,2025-10-17,2636,47,14,12,1199.3,266.93,220647.78
23553,2025-12-13,1881,63,7,5,-749.18,170.04,53352.63
23556,2025-01-06,556,75,6,5,441.1,55.26,76425.12
23560,2026-01-09,2538,22,3,12,842.55,96.67,48561.49
23561,2025-04-18,912,49,2,6,656.67,88.51,24711.68
23566,2026-02-15,1467,69,1,6,651.94,98.62,112555.9
23580,2025-09-14,2344,65,10,8,1948.24,104.58,316777.69
23603,2025-11-20,1900,54,9,6,1415.08,89.16,108140.1
23607,2025-04-29,93,46,9,8,1608.89,362.63,77242.88
23611,2025-03-04,741,65,4,3,1251.17,129.21,94452.78
23612,2025-03-09,1435,44,12,8,1219.91,226.4,90362.76
23629,2025-11-04,1933,14,15,2,115.4,10.12,8022.56
23632,2025-01-29,1277,75,2,6,1897.64,359.09,112435.18
23633,2025-01-01,1295,61,6,3,765.43,185.18,135368.23
23652,2025-03-14,2521,62,6,6,1356.29,281.35,150301.24
23667,2025-06-18,2081,26,12,4,488.32,102.92,48840.18
23674,2025-09-17,2658,76,13,10,944.78,75.94,98755.86
23676,2025-09-05,382,29,4,6,1877.28,266.39,218332.22
23683,2025-08-14,2335,74,12,5,1502.95,94.47,83091.54
23690,2025-02-20,2292,56,15,11,1422.7,2140.46,236887.94
23697,2026-02-02,1715,44,10,8,824.59,163.88,140498.26
23699,2026-01-07,1464,14,2,9,1708.19,229.71,250862.15
23717,2025-04-09,2115,22,4,7,846.75,85.06,143363.22
23727,2025-02-07,461,72,10,8,1851.21,354.16,261748.28
23730,2025-09-26,399,15,7,9,1808.3,426.97,123643.69
23746,2025-11-12,1260,73,6,10,1840.87,276.17,127393.24
23768,2025-11-15,1557,45,7,5,1273.73,272.07,85739.39
23773,2025-02-28,2737,15,5,4,175.66,36.11,8713.74
23778,2025-07-16,894,25,3,4,1065.97,120.59,96079.42
23784,2025-10-06,1041,37,2,3,449.72,59.01,24135.87
23793,2025-04-07,193,27,15,7,1848.99,260.82,269014.53
23796,2026-02-20,187,74,10,7,1492.13,220.02,180128.09
23833,2025-03-25,1372,57,5,8,1189.09,142.89,131550.36
23841,2025-07-03,1454,52,14,10,871.29,97.58,54945.75
23852,2025-12-03,6,105,8,4,970.94,160.27,143105.13
23853,2025-12-01,289,35,5,1,65.54,7.9,10399.21
23868,2025-02-07,2491,49,8,5,277.67,35.02,10438.25
23869,2025-09-07,2322,57,15,12,1256.34,125.16,72184.27
23892,2025-02-25,725,68,3,12,795.32,173.58,151147.34
23896,2025-05-21,871,33,3,6,1766.61,417.77,158156.26
23900,2025-05-16,2447,14,7,6,86.37,15.95,8418.83
23902,2025-01-04,48,42,14,4,1258.05,193.84,240006.3
23919,2026-01-18,360,2,12,12,1068.76,64.03,68207.83
23938,2025-06-29,2112,70,6,10,1487.85,120.28,210154.79
23948,2025-06-12,2408,33,6,6,710.76,124.29,65676.83
23958,2025-11-12,2528,63,3,12,722.54,47.15,20477.24
23961,2025-03-19,2326,33,12,12,1396.61,298.28,94269.87
23962,2025-02-27,63,32,14,5,1616.91,249.74,86529.18
23981,2025-05-25,1402,49,3,12,1157.02,277.67,156104.1
23983,2025-03-03,2146,76,3,5,1900.72,288.22,60419.13
24000,2025-05-05,2532,30,10,12,1067.36,176.7,94222.79
24001,2025-11-17,940,43,2,2,1041.79,93.3,26267.58
24029,2025-06-18,1180,42,5,7,1372.05,209.12,186165.14
24036,2026-02-03,433,25,5,4,1974.4,479.35,163043.4
24051,2025-01-08,1405,40,5,3,1959.69,167.9,289850.82
24060,2025-03-02,1297,59,3,12,212.84,17.23,25667.3
24075,2025-03-05,2203,79,12,7,1208.06,257.86,181674.67
24077,2025-04-19,663,64,1,3,319.57,22.12,24469.09
24078,2026-01-17,1556,78,2,12,1934.76,176.71,321219.21
24080,2025-06-26,419,46,1,7,750.05,84.21,76858.5
24081,2025-01-22,717,27,5,5,409.33,87.63,59938.78
24085,2025-12-16,2722,44,3,12,1651.22,253.73,301641.02
24088,2025-03-09,305,47,11,2,492.4,106.79,71165.1
24111,2025-10-11,2839,39,15,1,1162.86,179.11,52928.35
24121,2025-12-03,2532,14,12,5,205.81,10.96,13836.29
24128,2025-05-30,354,10,11,6,321.74,39.42,40245.32
24134,2025-03-14,500,32,1,7,298.0,73.89,32542.56
24138,2025-05-10,1599,8,14,1,1886.97,311.99,110014.24
24165,2025-07-06,761,2,14,12,220.76,45.04,27760.9
24177,2025-04-29,2557,16,13,10,1360.32,167.37,28337.09
24184,2026-01-14,385,72,7,11,1910.57,383.98,328542.45
24189,2025-01-10,2994,76,15,8,1027.48,243.11,196570.08
24190,2025-04-15,1413,43,5,4,1076.67,211.47,35981.12
24205,2025-02-15,469,68,9,8,1129.41,133.43,113675.46
24208,2025-04-14,2761,10,6,9,779.48,144.62,25346.7
24225,2026-02-18,510,23,3,6,220.21,34.94,18197.84
24229,2025-07-04,293,67,11,1,332.65,64.08,58285.48
24248,2025-05-25,3833,41,7,1,1826.47,182.15,106661.34
24249,2025-02-01,682,30,3,7,1456.31,228.63,66357.47
24265,2025-10-10,1038,12,13,1,1110.82,204.92,81547.46
24271,2025-10-02,491,24,4,9,208.21,15.62,25957.21
24293,2026-01-02,2154,37,10,12,166.34,12.19,26212.01
24302,2025-01-01,2939,13,9,6,866.57,172.6,34535.39
24361,2025-12-22,2263,16,3,9,1392.64,323.17,40946.76
24380,2025-06-05,2676,12,5,3,1821.95,197.02,191302.8
24385,2025-11-01,1830,78,4,11,0.0,117.19,85031.96
24394,2025-11-08,961,23,6,4,383.88,24.92,43639.71
24404,2025-05-12,240,20,5,1,1971.0,147.38,162218.63
24415,2025-02-02,1809,7,15,10,1435.22,145.45,184941.64
24433,2025-06-07,588,19,1,11,1906.26,321.24,156358.29
24455,2025-04-07,238,68,6,11,1212.06,155.33,195840.69
24466,2025-11-11,2170,10,12,3,1621.83,273.86,254689.62
24479,2025-02-12,342,38,3,6,85.44,10.73,2063.52
24480,2025-08-05,2551,43,10,3,1080.78,262.06,35715.2
24485,2025-11-27,1279,16,3,7,1306.81,310.44,236562.29
24518,2025-01-10,2037,57,13,1,983.94,201.39,148392.22
24524,2025-06-02,1183,37,2,8,1976.49,264.15,103646.15
24530,2025-08-18,2000,18,3,1,161.5,13.68,22587.51
24540,2025-06-22,2166,75,9,5,1795.04,366.16,276371.43
24556,2025-12-24,1510,58,1,6,240.25,31.03,37626.84
24584,2025-01-29,83,58,15,7,362.39,60.34,12760.82
24594,2025-03-12,2726,56,9,12,1617.01,132.18,32809.67
24598,2025-02-06,2373,15,10,8,1846.62,461.01,246746.18
24615,2025-04-18,1934,42,6,5,823.19,44.57,88673.54
24618,2025-02-01,2359,5,13,9,333.97,60.16,17511.5
24623,2025-04-15,332,78,9,7,1532.49,91.2,63024.65
24630,2026-02-19,2225,11,13,2,591.04,46.74,95086.07
24652,2025-02-01,3570,20,3,12,1303.1,1919.84,36723.21
24654,2025-04-21,1603,17,15,6,1239.31,275.37,210253.62
24655,2025-11-11,2251,55,6,12,199.15,29.64,24434.43
24730,2025-07-06,716,52,11,3,487.51,33.17,56534.36
24736,2025-12-03,2317,42,7,4,871.59,80.99,136103.64
24765,2026-01-04,326,47,6,8,-1871.27,148.87,318652.0
24788,2025-11-22,1016,34,11,6,1013.97,167.58,152645.3
24801,2026-01-04,1668,75,13,2,1300.29,279.06,87996.56
24818,2025-07-23,3788,58,12,10,413.93,28.31,12300.18
24819,2026-01-29,344,15,3,2,197.44,16.05,13316.68
24823,2025-10-25,1641,2,15,4,1769.65,139.02,225958.01
24825,2026-01-31,332,40,2,12,664.41,80.21,87773.03
24846,2026-01-28,371,66,2,12,1398.71,138.91,28294.13
24864,2025-12-19,2232,29,4,5,683.36,105.26,109879.87
24885,2025-04-15,2461,64,13,7,276.08,50.73,27866.97
24887,2025-06-11,2353,95,5,10,1152.06,61.07,137126.47
24890,2025-12-01,2212,77,12,3,1013.61,245.05,68335.89
24898,2025-06-28,1302,46,4,7,294.24,35.67,8424.33
24902,2026-01-12,2017,17,3,6,774.23,63.98,99632.04
24908,2025-03-20,959,14,2,4,1235.24,282.04,149920.25
24918,2025-10-24,1007,60,13,8,828.03,53.48,121892.44
24937,2025-04-14,2691,56,13,3,1011.25,184.08,152635.32
24938,2025-02-02,969,38,6,6,719.47,37.11,27025.86
24943,2026-01-22,153,17,6,12,1567.64,326.15,175788.98
24960,2025-05-11,2353,15,5,4,342.02,84.83,9320.34
24972,2025-12-10,353,59,2,3,834.51,158.91,49914.72
24976,2025-04-23,2388,18,1,6,1805.87,221.74,230925.81
24979,2025-09-04,1244,34,9,9,1765.55,167.19,186245.89
24997,2025-03-09,703,17,2,10,59.68,9.58,6517.83
25007,2025-02-02,1809,7,15,10,1435.22,145.45,184941.64
25032,2025-12-26,1143,6,4,4,1164.78,199.11,26763.59
25038,2025-07-21,2388,45,4,11,1357.24,253.76,264355.77
25044,2025-12-09,3821,6,6,2,74.62,15.94,11459.21
25060,2025-02-25,2607,6,3,11,126.99,10.32,20362.49
25063,2025-04-29,2557,16,13,10,1360.32,167.37,28337.09
25074,2025-10-05,3748,28,3,7,747.24,135.51,130681.31
25087,2025-05-25,1836,73,10,8,412.62,72.33,22306.08
25093,2025-11-18,2819,39,12,8,830.43,207.14,60105.99
25094,2025-10-10,2084,8,3,12,662.39,1181.48,33998.92
25098,2025-03-21,1265,20,9,8,762.13,146.13,128352.39
25110,2025-02-14,301,20,11,10,981.6,201.1,56218.47
25118,2026-01-25,350,38,7,3,941.84,95.05,141082.36
25119,2025-11-02,2655,116,6,5,-414.35,84.85,19050.14
25125,2026-01-10,1589,62,11,5,1107.94,187.23,176408.12
25127,2025-03-02,18,80,15,7,1046.34,126.62,118833.5
25139,2025-06-07,2312,20,15,4,356.12,21.98,30653.68
25145,2025-05-18,1250,61,8,8,774.17,58.66,113557.95
